origin_label,dest_label,path_distance,path_node_ids
gate_171,gate_172,260.0149097567003,54|13|14|11|5|4|3|2|90|89|91
gate_171,gate_173,249.76519232480322,54|13|14|11|5|4|3|2|1|0
gate_171,gate_174,285.34539999283135,54|13|14|11|5|4|8|58|76|75|74
gate_171,gate_175,291.0951113815653,54|13|14|11|5|4|8|58|76|73|72
gate_171,gate_176,313.8299037936338,54|13|14|11|5|6|57|51|50|52|55
gate_171,gate_177,336.159317881683,54|13|14|11|5|6|57|51|50|49|56
gate_171,gate_178,362.80584379973425,54|13|14|11|5|6|57|77|80|70|69|68|71|88
gate_171,gate_179,383.07489376724374,54|13|14|11|5|6|57|77|80|70|69|68|67|66|87
gate_171,gate_180,509.81206872481584,54|13|14|11|5|6|57|77|80|81|85|64|63|62|65|82
gate_171,gate_181,492.1069236164885,54|13|14|11|5|6|57|77|80|81|85|64|63|62|61|60|83
gate_171,gate_170,95.80846156836787,54|13|14|15|16|53
gate_171,gate_168,335.385722556684,54|13|14|11|5|6|7|47|46
gate_171,gate_169,329.0962223454099,54|13|14|11|5|6|7|48
gate_171,gate_166A,377.95288599871094,54|13|14|11|5|6|7|47|45|43|39|38
gate_171,gate_166B,378.1698046466461,54|13|14|11|5|6|7|47|45|43|39|41|40
gate_171,gate_167,371.64330237933785,54|13|14|11|5|6|7|47|45|43|39|41|37|36
gate_171,gate_165,452.14120239979144,54|13|14|11|5|6|7|47|45|43|39|41|37|35|33|31|30
gate_171,gate_164A,467.32633629172017,54|13|14|11|5|6|7|47|45|43|39|41|37|35|33|31|29|28
gate_171,gate_164B,468.26483195395434,54|13|14|11|5|6|7|47|45|43|39|41|37|35|33|31|29|27|26
gate_171,gate_163,480.589231401149,54|13|14|11|5|6|7|47|45|43|39|41|37|35|33|31|29|27|23|22
gate_171,gate_162,499.4723102213845,54|13|14|11|5|6|7|47|45|43|39|41|37|35|33|31|29|27|23|24|25
gate_171,gate_161,517.189541655754,54|13|14|11|5|6|7|47|45|43|39|41|37|35|33|31|29|27|23|24|18|17
gate_171,gate_160,540.6641258523359,54|13|14|11|5|6|7|47|45|43|39|41|37|35|33|31|29|27|23|24|18|19|20
gate_171,gate_FE2097,402.3554318686081,54|13|14|11|5|6|7|47|45|43|39|41|37|35|33|32
gate_171,gate_FE2095,393.4357232349326,54|13|14|11|5|6|7|47|45|43|39|41|37|35|34
gate_171,gate_FF2025,316.57069041711065,54|13|14|11|5|6|7|47|45|43|42
gate_171,gate_FF2031,310.3857145700779,54|13|14|11|5|6|7|47|45|44
gate_171,gate_FG2057,412.1410967070301,54|13|14|11|5|6|57|77|80|81|85|64|86
gate_171,gate_FG2043,244.99808356039907,54|13|14|11|5|6|57|77
gate_171,gate_FG2037,110.4888655341689,54|13|14|11|12
gate_171,gate_FG2085,166.92732493173543,54|13|14|11|5|4|8
gate_171,gate_FG2041,250.44158685896144,54|13|14|11|5|6|57|78
gate_171,gate_FG2035,106.87126568236272,54|13|14|11|10
gate_171,gate_FG2089,171.76205622905573,54|13|14|11|5|4|9
gate_171,gate_FG2055,405.57535634765105,54|13|14|11|5|6|57|77|80|81|85|84
gate_172,gate_171,260.01490975670026,91|89|90|2|3|4|5|11|14|13|54
gate_172,gate_173,68.85486723792104,91|89|90|2|1|0
gate_172,gate_174,229.1187721040844,91|89|90|2|3|4|8|58|76|75|74
gate_172,gate_175,234.86848349281837,91|89|90|2|3|4|8|58|76|73|72
gate_172,gate_176,303.0907777260668,91|89|90|2|3|4|5|6|57|51|50|52|55
gate_172,gate_177,325.42019181411604,91|89|90|2|3|4|5|6|57|51|50|49|56
gate_172,gate_178,352.06671773216726,91|89|90|2|3|4|5|6|57|77|80|70|69|68|71|88
gate_172,gate_179,372.33576769967675,91|89|90|2|3|4|5|6|57|77|80|70|69|68|67|66|87
gate_172,gate_180,499.07294265724886,91|89|90|2|3|4|5|6|57|77|80|81|85|64|63|62|65|82
gate_172,gate_181,481.3677975489215,91|89|90|2|3|4|5|6|57|77|80|81|85|64|63|62|61|60|83
gate_172,gate_170,242.3047071748619,91|89|90|2|3|4|5|11|14|15|16|53
gate_172,gate_168,324.64659648911703,91|89|90|2|3|4|5|6|7|47|46
gate_172,gate_169,318.3570962778429,91|89|90|2|3|4|5|6|7|48
gate_172,gate_166A,367.21375993114395,91|89|90|2|3|4|5|6|7|47|45|43|39|38
gate_172,gate_166B,367.43067857907914,91|89|90|2|3|4|5|6|7|47|45|43|39|41|40
gate_172,gate_167,360.90417631177087,91|89|90|2|3|4|5|6|7|47|45|43|39|41|37|36
gate_172,gate_165,441.40207633222445,91|89|90|2|3|4|5|6|7|47|45|43|39|41|37|35|33|31|30
gate_172,gate_164A,456.5872102241532,91|89|90|2|3|4|5|6|7|47|45|43|39|41|37|35|33|31|29|28
gate_172,gate_164B,457.52570588638736,91|89|90|2|3|4|5|6|7|47|45|43|39|41|37|35|33|31|29|27|26
gate_172,gate_163,469.850105333582,91|89|90|2|3|4|5|6|7|47|45|43|39|41|37|35|33|31|29|27|23|22
gate_172,gate_162,488.7331841538175,91|89|90|2|3|4|5|6|7|47|45|43|39|41|37|35|33|31|29|27|23|24|25
gate_172,gate_161,506.45041558818707,91|89|90|2|3|4|5|6|7|47|45|43|39|41|37|35|33|31|29|27|23|24|18|17
gate_172,gate_160,529.9249997847689,91|89|90|2|3|4|5|6|7|47|45|43|39|41|37|35|33|31|29|27|23|24|18|19|20
gate_172,gate_FE2097,391.6163058010411,91|89|90|2|3|4|5|6|7|47|45|43|39|41|37|35|33|32
gate_172,gate_FE2095,382.6965971673656,91|89|90|2|3|4|5|6|7|47|45|43|39|41|37|35|34
gate_172,gate_FF2025,305.83156434954367,91|89|90|2|3|4|5|6|7|47|45|43|42
gate_172,gate_FF2031,299.6465885025109,91|89|90|2|3|4|5|6|7|47|45|44
gate_172,gate_FG2057,401.4019706394631,91|89|90|2|3|4|5|6|57|77|80|81|85|64|86
gate_172,gate_FG2043,234.25895749283208,91|89|90|2|3|4|5|6|57|77
gate_172,gate_FG2037,192.33057778072086,91|89|90|2|3|4|5|11|12
gate_172,gate_FG2085,110.7006970429885,91|89|90|2|3|4|8
gate_172,gate_FG2041,239.70246079139446,91|89|90|2|3|4|5|6|57|78
gate_172,gate_FG2035,188.71297792891468,91|89|90|2|3|4|5|11|10
gate_172,gate_FG2089,115.53542834030877,91|89|90|2|3|4|9
gate_172,gate_FG2055,394.83623028008407,91|89|90|2|3|4|5|6|57|77|80|81|85|84
gate_173,gate_171,249.76519232480322,0|1|2|3|4|5|11|14|13|54
gate_173,gate_172,68.85486723792103,0|1|2|90|89|91
gate_173,gate_174,218.86905467218733,0|1|2|3|4|8|58|76|75|74
gate_173,gate_175,224.6187660609213,0|1|2|3|4|8|58|76|73|72
gate_173,gate_176,292.8410602941697,0|1|2|3|4|5|6|57|51|50|52|55
gate_173,gate_177,315.17047438221897,0|1|2|3|4|5|6|57|51|50|49|56
gate_173,gate_178,341.81700030027014,0|1|2|3|4|5|6|57|77|80|70|69|68|71|88
gate_173,gate_179,362.0860502677797,0|1|2|3|4|5|6|57|77|80|70|69|68|67|66|87
gate_173,gate_180,488.8232252253518,0|1|2|3|4|5|6|57|77|80|81|85|64|63|62|65|82
gate_173,gate_181,471.1180801170244,0|1|2|3|4|5|6|57|77|80|81|85|64|63|62|61|60|83
gate_173,gate_170,232.05498974296484,0|1|2|3|4|5|11|14|15|16|53
gate_173,gate_168,314.39687905721996,0|1|2|3|4|5|6|7|47|46
gate_173,gate_169,308.10737884594585,0|1|2|3|4|5|6|7|48
gate_173,gate_166A,356.96404249924683,0|1|2|3|4|5|6|7|47|45|43|39|38
gate_173,gate_166B,357.180961147182,0|1|2|3|4|5|6|7|47|45|43|39|41|40
gate_173,gate_167,350.65445887987374,0|1|2|3|4|5|6|7|47|45|43|39|41|37|36
gate_173,gate_165,431.15235890032733,0|1|2|3|4|5|6|7|47|45|43|39|41|37|35|33|31|30
gate_173,gate_164A,446.33749279225606,0|1|2|3|4|5|6|7|47|45|43|39|41|37|35|33|31|29|28
gate_173,gate_164B,447.27598845449023,0|1|2|3|4|5|6|7|47|45|43|39|41|37|35|33|31|29|27|26
gate_173,gate_163,459.6003879016849,0|1|2|3|4|5|6|7|47|45|43|39|41|37|35|33|31|29|27|23|22
gate_173,gate_162,478.48346672192037,0|1|2|3|4|5|6|7|47|45|43|39|41|37|35|33|31|29|27|23|24|25
gate_173,gate_161,496.20069815628995,0|1|2|3|4|5|6|7|47|45|43|39|41|37|35|33|31|29|27|23|24|18|17
gate_173,gate_160,519.6752823528718,0|1|2|3|4|5|6|7|47|45|43|39|41|37|35|33|31|29|27|23|24|18|19|20
gate_173,gate_FE2097,381.366588369144,0|1|2|3|4|5|6|7|47|45|43|39|41|37|35|33|32
gate_173,gate_FE2095,372.4468797354685,0|1|2|3|4|5|6|7|47|45|43|39|41|37|35|34
gate_173,gate_FF2025,295.5818469176466,0|1|2|3|4|5|6|7|47|45|43|42
gate_173,gate_FF2031,289.3968710706138,0|1|2|3|4|5|6|7|47|45|44
gate_173,gate_FG2057,391.15225320756605,0|1|2|3|4|5|6|57|77|80|81|85|64|86
gate_173,gate_FG2043,224.009240060935,0|1|2|3|4|5|6|57|77
gate_173,gate_FG2037,182.0808603488238,0|1|2|3|4|5|11|12
gate_173,gate_FG2085,100.45097961109143,0|1|2|3|4|8
gate_173,gate_FG2041,229.4527433594974,0|1|2|3|4|5|6|57|78
gate_173,gate_FG2035,178.46326049701761,0|1|2|3|4|5|11|10
gate_173,gate_FG2089,105.2857109084117,0|1|2|3|4|9
gate_173,gate_FG2055,384.586512848187,0|1|2|3|4|5|6|57|77|80|81|85|84
gate_174,gate_171,285.3453999928314,74|75|76|58|8|4|5|11|14|13|54
gate_174,gate_172,229.1187721040844,74|75|76|58|8|4|3|2|90|89|91
gate_174,gate_173,218.8690546721873,74|75|76|58|8|4|3|2|1|0
gate_174,gate_175,91.27117994468139,74|75|76|73|72
gate_174,gate_176,328.4212679621979,74|75|76|58|8|4|5|6|57|51|50|52|55
gate_174,gate_177,350.7506820502471,74|75|76|58|8|4|5|6|57|51|50|49|56
gate_174,gate_178,377.3972079682983,74|75|76|58|8|4|5|6|57|77|80|70|69|68|71|88
gate_174,gate_179,397.66625793580783,74|75|76|58|8|4|5|6|57|77|80|70|69|68|67|66|87
gate_174,gate_180,524.4034328933799,74|75|76|58|8|4|5|6|57|77|80|81|85|64|63|62|65|82
gate_174,gate_181,506.69828778505257,74|75|76|58|8|4|5|6|57|77|80|81|85|64|63|62|61|60|83
gate_174,gate_170,267.635197410993,74|75|76|58|8|4|5|11|14|15|16|53
gate_174,gate_168,349.9770867252481,74|75|76|58|8|4|5|6|7|47|46
gate_174,gate_169,343.687586513974,74|75|76|58|8|4|5|6|7|48
gate_174,gate_166A,392.544250167275,74|75|76|58|8|4|5|6|7|47|45|43|39|38
gate_174,gate_166B,392.76116881521017,74|75|76|58|8|4|5|6|7|47|45|43|39|41|40
gate_174,gate_167,386.2346665479019,74|75|76|58|8|4|5|6|7|47|45|43|39|41|37|36
gate_174,gate_165,466.7325665683555,74|75|76|58|8|4|5|6|7|47|45|43|39|41|37|35|33|31|30
gate_174,gate_164A,481.9177004602842,74|75|76|58|8|4|5|6|7|47|45|43|39|41|37|35|33|31|29|28
gate_174,gate_164B,482.8561961225184,74|75|76|58|8|4|5|6|7|47|45|43|39|41|37|35|33|31|29|27|26
gate_174,gate_163,495.18059556971303,74|75|76|58|8|4|5|6|7|47|45|43|39|41|37|35|33|31|29|27|23|22
gate_174,gate_162,514.0636743899486,74|75|76|58|8|4|5|6|7|47|45|43|39|41|37|35|33|31|29|27|23|24|25
gate_174,gate_161,531.7809058243181,74|75|76|58|8|4|5|6|7|47|45|43|39|41|37|35|33|31|29|27|23|24|18|17
gate_174,gate_160,555.2554900209,74|75|76|58|8|4|5|6|7|47|45|43|39|41|37|35|33|31|29|27|23|24|18|19|20
gate_174,gate_FE2097,416.94679603717213,74|75|76|58|8|4|5|6|7|47|45|43|39|41|37|35|33|32
gate_174,gate_FE2095,408.02708740349664,74|75|76|58|8|4|5|6|7|47|45|43|39|41|37|35|34
gate_174,gate_FF2025,331.16205458567475,74|75|76|58|8|4|5|6|7|47|45|43|42
gate_174,gate_FF2031,324.977078738642,74|75|76|58|8|4|5|6|7|47|45|44
gate_174,gate_FG2057,426.7324608755942,74|75|76|58|8|4|5|6|57|77|80|81|85|64|86
gate_174,gate_FG2043,259.58944772896314,74|75|76|58|8|4|5|6|57|77
gate_174,gate_FG2037,217.66106801685194,74|75|76|58|8|4|5|11|12
gate_174,gate_FG2085,118.41807506109589,74|75|76|58|8
gate_174,gate_FG2041,265.03295102752554,74|75|76|58|8|4|5|6|57|78
gate_174,gate_FG2035,214.04346816504577,74|75|76|58|8|4|5|11|10
gate_174,gate_FG2089,113.77428441131082,74|75|76|58|9
gate_174,gate_FG2055,420.16672051621515,74|75|76|58|8|4|5|6|57|77|80|81|85|84
gate_175,gate_171,291.0951113815653,72|73|76|58|8|4|5|11|14|13|54
gate_175,gate_172,234.86848349281837,72|73|76|58|8|4|3|2|90|89|91
gate_175,gate_173,224.61876606092127,72|73|76|58|8|4|3|2|1|0
gate_175,gate_174,91.27117994468139,72|73|76|75|74
gate_175,gate_176,334.1709793509318,72|73|76|58|8|4|5|6|57|51|50|52|55
gate_175,gate_177,356.50039343898106,72|73|76|58|8|4|5|6|57|51|50|49|56
gate_175,gate_178,383.1469193570323,72|73|76|58|8|4|5|6|57|77|80|70|69|68|71|88
gate_175,gate_179,403.41596932454183,72|73|76|58|8|4|5|6|57|77|80|70|69|68|67|66|87
gate_175,gate_180,530.153144282114,72|73|76|58|8|4|5|6|57|77|80|81|85|64|63|62|65|82
gate_175,gate_181,512.4479991737866,72|73|76|58|8|4|5|6|57|77|80|81|85|64|63|62|61|60|83
gate_175,gate_170,273.3849087997269,72|73|76|58|8|4|5|11|14|15|16|53
gate_175,gate_168,355.72679811398206,72|73|76|58|8|4|5|6|7|47|46
gate_175,gate_169,349.43729790270794,72|73|76|58|8|4|5|6|7|48
gate_175,gate_166A,398.293961556009,72|73|76|58|8|4|5|6|7|47|45|43|39|38
gate_175,gate_166B,398.51088020394417,72|73|76|58|8|4|5|6|7|47|45|43|39|41|40
gate_175,gate_167,391.9843779366359,72|73|76|58|8|4|5|6|7|47|45|43|39|41|37|36
gate_175,gate_165,472.4822779570895,72|73|76|58|8|4|5|6|7|47|45|43|39|41|37|35|33|31|30
gate_175,gate_164A,487.6674118490182,72|73|76|58|8|4|5|6|7|47|45|43|39|41|37|35|33|31|29|28
gate_175,gate_164B,488.6059075112524,72|73|76|58|8|4|5|6|7|47|45|43|39|41|37|35|33|31|29|27|26
gate_175,gate_163,500.93030695844703,72|73|76|58|8|4|5|6|7|47|45|43|39|41|37|35|33|31|29|27|23|22
gate_175,gate_162,519.8133857786825,72|73|76|58|8|4|5|6|7|47|45|43|39|41|37|35|33|31|29|27|23|24|25
gate_175,gate_161,537.5306172130521,72|73|76|58|8|4|5|6|7|47|45|43|39|41|37|35|33|31|29|27|23|24|18|17
gate_175,gate_160,561.0052014096341,72|73|76|58|8|4|5|6|7|47|45|43|39|41|37|35|33|31|29|27|23|24|18|19|20
gate_175,gate_FE2097,422.69650742590613,72|73|76|58|8|4|5|6|7|47|45|43|39|41|37|35|33|32
gate_175,gate_FE2095,413.77679879223064,72|73|76|58|8|4|5|6|7|47|45|43|39|41|37|35|34
gate_175,gate_FF2025,336.9117659744087,72|73|76|58|8|4|5|6|7|47|45|43|42
gate_175,gate_FF2031,330.7267901273759,72|73|76|58|8|4|5|6|7|47|45|44
gate_175,gate_FG2057,432.4821722643282,72|73|76|58|8|4|5|6|57|77|80|81|85|64|86
gate_175,gate_FG2043,265.33915911769714,72|73|76|58|8|4|5|6|57|77
gate_175,gate_FG2037,223.41077940558588,72|73|76|58|8|4|5|11|12
gate_175,gate_FG2085,124.16778644982986,72|73|76|58|8
gate_175,gate_FG2041,270.7826624162595,72|73|76|58|8|4|5|6|57|78
gate_175,gate_FG2035,219.7931795537797,72|73|76|58|8|4|5|11|10
gate_175,gate_FG2089,119.52399580004479,72|73|76|58|9
gate_175,gate_FG2055,425.91643190494915,72|73|76|58|8|4|5|6|57|77|80|81|85|84
gate_176,gate_171,313.8299037936338,55|52|50|51|57|6|5|11|14|13|54
gate_176,gate_172,303.0907777260668,55|52|50|51|57|6|5|4|3|2|90|89|91
gate_176,gate_173,292.84106029416967,55|52|50|51|57|6|5|4|3|2|1|0
gate_176,gate_174,328.4212679621978,55|52|50|51|57|6|5|4|8|58|76|75|74
gate_176,gate_175,334.1709793509318,55|52|50|51|57|6|5|4|8|58|76|73|72
gate_176,gate_177,83.41979523410325,55|52|50|49|56
gate_176,gate_178,221.76522001572445,55|52|50|51|57|77|80|70|69|68|71|88
gate_176,gate_179,242.034269983234,55|52|50|51|57|77|80|70|69|68|67|66|87
gate_176,gate_180,368.7714449408061,55|52|50|51|57|77|80|81|85|64|63|62|65|82
gate_176,gate_181,351.0662998324787,55|52|50|51|57|77|80|81|85|64|63|62|61|60|83
gate_176,gate_170,296.11970121179536,55|52|50|51|57|6|5|11|14|15|16|53
gate_176,gate_168,294.33281537721115,55|52|50|51|57|6|7|47|46
gate_176,gate_169,288.04331516593703,55|52|50|51|57|6|7|48
gate_176,gate_166A,336.8999788192381,55|52|50|51|57|6|7|47|45|43|39|38
gate_176,gate_166B,337.11689746717326,55|52|50|51|57|6|7|47|45|43|39|41|40
gate_176,gate_167,330.590395199865,55|52|50|51|57|6|7|47|45|43|39|41|37|36
gate_176,gate_165,411.08829522031857,55|52|50|51|57|6|7|47|45|43|39|41|37|35|33|31|30
gate_176,gate_164A,426.2734291122473,55|52|50|51|57|6|7|47|45|43|39|41|37|35|33|31|29|28
gate_176,gate_164B,427.2119247744815,55|52|50|51|57|6|7|47|45|43|39|41|37|35|33|31|29|27|26
gate_176,gate_163,439.5363242216761,55|52|50|51|57|6|7|47|45|43|39|41|37|35|33|31|29|27|23|22
gate_176,gate_162,458.4194030419116,55|52|50|51|57|6|7|47|45|43|39|41|37|35|33|31|29|27|23|24|25
gate_176,gate_161,476.1366344762812,55|52|50|51|57|6|7|47|45|43|39|41|37|35|33|31|29|27|23|24|18|17
gate_176,gate_160,499.6112186728631,55|52|50|51|57|6|7|47|45|43|39|41|37|35|33|31|29|27|23|24|18|19|20
gate_176,gate_FE2097,361.3025246891352,55|52|50|51|57|6|7|47|45|43|39|41|37|35|33|32
gate_176,gate_FE2095,352.3828160554597,55|52|50|51|57|6|7|47|45|43|39|41|37|35|34
gate_176,gate_FF2025,275.5177832376378,55|52|50|51|57|6|7|47|45|43|42
gate_176,gate_FF2031,269.332807390605,55|52|50|51|57|6|7|47|45|44
gate_176,gate_FG2057,271.10047292302033,55|52|50|51|57|77|80|81|85|64|86
gate_176,gate_FG2043,103.95745977638933,55|52|50|51|57|77
gate_176,gate_FG2037,246.14557181765431,55|52|50|51|57|6|5|11|12
gate_176,gate_FG2085,210.0031929011019,55|52|50|51|57|6|5|4|8
gate_176,gate_FG2041,109.4009630749517,55|52|50|51|57|78
gate_176,gate_FG2035,242.52797196584814,55|52|50|51|57|6|5|11|10
gate_176,gate_FG2089,214.8379241984222,55|52|50|51|57|6|5|4|9
gate_176,gate_FG2055,264.53473256364134,55|52|50|51|57|77|80|81|85|84
gate_177,gate_171,336.1593178816831,56|49|50|51|57|6|5|11|14|13|54
gate_177,gate_172,325.4201918141161,56|49|50|51|57|6|5|4|3|2|90|89|91
gate_177,gate_173,315.170474382219,56|49|50|51|57|6|5|4|3|2|1|0
gate_177,gate_174,350.7506820502471,56|49|50|51|57|6|5|4|8|58|76|75|74
gate_177,gate_175,356.5003934389811,56|49|50|51|57|6|5|4|8|58|76|73|72
gate_177,gate_176,83.41979523410325,56|49|50|52|55
gate_177,gate_178,244.09463410377376,56|49|50|51|57|77|80|70|69|68|71|88
gate_177,gate_179,264.36368407128333,56|49|50|51|57|77|80|70|69|68|67|66|87
gate_177,gate_180,391.10085902885544,56|49|50|51|57|77|80|81|85|64|63|62|65|82
gate_177,gate_181,373.39571392052807,56|49|50|51|57|77|80|81|85|64|63|62|61|60|83
gate_177,gate_170,318.4491152998447,56|49|50|51|57|6|5|11|14|15|16|53
gate_177,gate_168,316.6622294652604,56|49|50|51|57|6|7|47|46
gate_177,gate_169,310.3727292539863,56|49|50|51|57|6|7|48
gate_177,gate_166A,359.2293929072873,56|49|50|51|57|6|7|47|45|43|39|38
gate_177,gate_166B,359.4463115552225,56|49|50|51|57|6|7|47|45|43|39|41|40
gate_177,gate_167,352.91980928791423,56|49|50|51|57|6|7|47|45|43|39|41|37|36
gate_177,gate_165,433.4177093083678,56|49|50|51|57|6|7|47|45|43|39|41|37|35|33|31|30
gate_177,gate_164A,448.60284320029655,56|49|50|51|57|6|7|47|45|43|39|41|37|35|33|31|29|28
gate_177,gate_164B,449.5413388625307,56|49|50|51|57|6|7|47|45|43|39|41|37|35|33|31|29|27|26
gate_177,gate_163,461.8657383097254,56|49|50|51|57|6|7|47|45|43|39|41|37|35|33|31|29|27|23|22
gate_177,gate_162,480.74881712996086,56|49|50|51|57|6|7|47|45|43|39|41|37|35|33|31|29|27|23|24|25
gate_177,gate_161,498.46604856433044,56|49|50|51|57|6|7|47|45|43|39|41|37|35|33|31|29|27|23|24|18|17
gate_177,gate_160,521.9406327609124,56|49|50|51|57|6|7|47|45|43|39|41|37|35|33|31|29|27|23|24|18|19|20
gate_177,gate_FE2097,383.6319387771845,56|49|50|51|57|6|7|47|45|43|39|41|37|35|33|32
gate_177,gate_FE2095,374.712230143509,56|49|50|51|57|6|7|47|45|43|39|41|37|35|34
gate_177,gate_FF2025,297.84719732568703,56|49|50|51|57|6|7|47|45|43|42
gate_177,gate_FF2031,291.66222147865426,56|49|50|51|57|6|7|47|45|44
gate_177,gate_FG2057,293.4298870110697,56|49|50|51|57|77|80|81|85|64|86
gate_177,gate_FG2043,126.28687386443862,56|49|50|51|57|77
gate_177,gate_FG2037,268.47498590570365,56|49|50|51|57|6|5|11|12
gate_177,gate_FG2085,232.3326069891512,56|49|50|51|57|6|5|4|8
gate_177,gate_FG2041,131.730377163001,56|49|50|51|57|78
gate_177,gate_FG2035,264.85738605389747,56|49|50|51|57|6|5|11|10
gate_177,gate_FG2089,237.1673382864715,56|49|50|51|57|6|5|4|9
gate_177,gate_FG2055,286.86414665169065,56|49|50|51|57|77|80|81|85|84
gate_178,gate_171,362.80584379973425,88|71|68|69|70|80|77|57|6|5|11|14|13|54
gate_178,gate_172,352.0667177321672,88|71|68|69|70|80|77|57|6|5|4|3|2|90|89|91
gate_178,gate_173,341.81700030027014,88|71|68|69|70|80|77|57|6|5|4|3|2|1|0
gate_178,gate_174,377.3972079682983,88|71|68|69|70|80|77|57|6|5|4|8|58|76|75|74
gate_178,gate_175,383.1469193570323,88|71|68|69|70|80|77|57|6|5|4|8|58|76|73|72
gate_178,gate_176,221.76522001572445,88|71|68|69|70|80|77|57|51|50|52|55
gate_178,gate_177,244.09463410377379,88|71|68|69|70|80|77|57|51|50|49|56
gate_178,gate_179,97.30412391348652,88|71|68|67|66|87
gate_178,gate_180,365.95520719468414,88|71|68|69|70|80|81|85|64|63|62|65|82
gate_178,gate_181,348.25006208635676,88|71|68|69|70|80|81|85|64|63|62|61|60|83
gate_178,gate_170,345.09564121789583,88|71|68|69|70|80|77|57|6|5|11|14|15|16|53
gate_178,gate_168,343.30875538331156,88|71|68|69|70|80|77|57|6|7|47|46
gate_178,gate_169,337.01925517203745,88|71|68|69|70|80|77|57|6|7|48
gate_178,gate_166A,385.87591882533843,88|71|68|69|70|80|77|57|6|7|47|45|43|39|38
gate_178,gate_166B,386.0928374732736,88|71|68|69|70|80|77|57|6|7|47|45|43|39|41|40
gate_178,gate_167,379.56633520596534,88|71|68|69|70|80|77|57|6|7|47|45|43|39|41|37|36
gate_178,gate_165,460.06423522641893,88|71|68|69|70|80|77|57|6|7|47|45|43|39|41|37|35|33|31|30
gate_178,gate_164A,475.24936911834766,88|71|68|69|70|80|77|57|6|7|47|45|43|39|41|37|35|33|31|29|28
gate_178,gate_164B,476.18786478058183,88|71|68|69|70|80|77|57|6|7|47|45|43|39|41|37|35|33|31|29|27|26
gate_178,gate_163,488.5122642277765,88|71|68|69|70|80|77|57|6|7|47|45|43|39|41|37|35|33|31|29|27|23|22
gate_178,gate_162,507.39534304801197,88|71|68|69|70|80|77|57|6|7|47|45|43|39|41|37|35|33|31|29|27|23|24|25
gate_178,gate_161,525.1125744823815,88|71|68|69|70|80|77|57|6|7|47|45|43|39|41|37|35|33|31|29|27|23|24|18|17
gate_178,gate_160,548.5871586789635,88|71|68|69|70|80|77|57|6|7|47|45|43|39|41|37|35|33|31|29|27|23|24|18|19|20
gate_178,gate_FE2097,410.2784646952356,88|71|68|69|70|80|77|57|6|7|47|45|43|39|41|37|35|33|32
gate_178,gate_FE2095,401.3587560615601,88|71|68|69|70|80|77|57|6|7|47|45|43|39|41|37|35|34
gate_178,gate_FF2025,324.4937232437382,88|71|68|69|70|80|77|57|6|7|47|45|43|42
gate_178,gate_FF2031,318.3087473967054,88|71|68|69|70|80|77|57|6|7|47|45|44
gate_178,gate_FG2057,268.2842351768984,88|71|68|69|70|80|81|85|64|86
gate_178,gate_FG2043,117.80776023933512,88|71|68|69|70|80|77
gate_178,gate_FG2037,295.12151182375476,88|71|68|69|70|80|77|57|6|5|11|12
gate_178,gate_FG2085,258.97913290720237,88|71|68|69|70|80|77|57|6|5|4|8
gate_178,gate_FG2041,158.37690308105215,88|71|68|69|70|80|77|57|78
gate_178,gate_FG2035,291.50391197194864,88|71|68|69|70|80|77|57|6|5|11|10
gate_178,gate_FG2089,263.81386420452264,88|71|68|69|70|80|77|57|6|5|4|9
gate_178,gate_FG2055,261.7184948175194,88|71|68|69|70|80|81|85|84
gate_179,gate_171,383.0748937672438,87|66|67|68|69|70|80|77|57|6|5|11|14|13|54
gate_179,gate_172,372.33576769967675,87|66|67|68|69|70|80|77|57|6|5|4|3|2|90|89|91
gate_179,gate_173,362.0860502677797,87|66|67|68|69|70|80|77|57|6|5|4|3|2|1|0
gate_179,gate_174,397.66625793580783,87|66|67|68|69|70|80|77|57|6|5|4|8|58|76|75|74
gate_179,gate_175,403.41596932454183,87|66|67|68|69|70|80|77|57|6|5|4|8|58|76|73|72
gate_179,gate_176,242.034269983234,87|66|67|68|69|70|80|77|57|51|50|52|55
gate_179,gate_177,264.36368407128333,87|66|67|68|69|70|80|77|57|51|50|49|56
gate_179,gate_178,97.30412391348654,87|66|67|68|71|88
gate_179,gate_180,386.22425716219374,87|66|67|68|69|70|80|81|85|64|63|62|65|82
gate_179,gate_181,368.51911205386637,87|66|67|68|69|70|80|81|85|64|63|62|61|60|83
gate_179,gate_170,365.3646911854054,87|66|67|68|69|70|80|77|57|6|5|11|14|15|16|53
gate_179,gate_168,363.5778053508211,87|66|67|68|69|70|80|77|57|6|7|47|46
gate_179,gate_169,357.288305139547,87|66|67|68|69|70|80|77|57|6|7|48
gate_179,gate_166A,406.144968792848,87|66|67|68|69|70|80|77|57|6|7|47|45|43|39|38
gate_179,gate_166B,406.36188744078316,87|66|67|68|69|70|80|77|57|6|7|47|45|43|39|41|40
gate_179,gate_167,399.8353851734749,87|66|67|68|69|70|80|77|57|6|7|47|45|43|39|41|37|36
gate_179,gate_165,480.3332851939285,87|66|67|68|69|70|80|77|57|6|7|47|45|43|39|41|37|35|33|31|30
gate_179,gate_164A,495.5184190858572,87|66|67|68|69|70|80|77|57|6|7|47|45|43|39|41|37|35|33|31|29|28
gate_179,gate_164B,496.4569147480914,87|66|67|68|69|70|80|77|57|6|7|47|45|43|39|41|37|35|33|31|29|27|26
gate_179,gate_163,508.78131419528603,87|66|67|68|69|70|80|77|57|6|7|47|45|43|39|41|37|35|33|31|29|27|23|22
gate_179,gate_162,527.6643930155215,87|66|67|68|69|70|80|77|57|6|7|47|45|43|39|41|37|35|33|31|29|27|23|24|25
gate_179,gate_161,545.3816244498911,87|66|67|68|69|70|80|77|57|6|7|47|45|43|39|41|37|35|33|31|29|27|23|24|18|17
gate_179,gate_160,568.856208646473,87|66|67|68|69|70|80|77|57|6|7|47|45|43|39|41|37|35|33|31|29|27|23|24|18|19|20
gate_179,gate_FE2097,430.54751466274513,87|66|67|68|69|70|80|77|57|6|7|47|45|43|39|41|37|35|33|32
gate_179,gate_FE2095,421.62780602906963,87|66|67|68|69|70|80|77|57|6|7|47|45|43|39|41|37|35|34
gate_179,gate_FF2025,344.76277321124775,87|66|67|68|69|70|80|77|57|6|7|47|45|43|42
gate_179,gate_FF2031,338.577797364215,87|66|67|68|69|70|80|77|57|6|7|47|45|44
gate_179,gate_FG2057,288.553285144408,87|66|67|68|69|70|80|81|85|64|86
gate_179,gate_FG2043,138.07681020684467,87|66|67|68|69|70|80|77
gate_179,gate_FG2037,315.3905617912643,87|66|67|68|69|70|80|77|57|6|5|11|12
gate_179,gate_FG2085,279.2481828747119,87|66|67|68|69|70|80|77|57|6|5|4|8
gate_179,gate_FG2041,178.6459530485617,87|66|67|68|69|70|80|77|57|78
gate_179,gate_FG2035,311.7729619394582,87|66|67|68|69|70|80|77|57|6|5|11|10
gate_179,gate_FG2089,284.0829141720322,87|66|67|68|69|70|80|77|57|6|5|4|9
gate_179,gate_FG2055,281.98754478502894,87|66|67|68|69|70|80|81|85|84
gate_180,gate_171,509.8120687248159,82|65|62|63|64|85|81|80|77|57|6|5|11|14|13|54
gate_180,gate_172,499.07294265724886,82|65|62|63|64|85|81|80|77|57|6|5|4|3|2|90|89|91
gate_180,gate_173,488.82322522535173,82|65|62|63|64|85|81|80|77|57|6|5|4|3|2|1|0
gate_180,gate_174,524.4034328933799,82|65|62|63|64|85|81|80|77|57|6|5|4|8|58|76|75|74
gate_180,gate_175,530.153144282114,82|65|62|63|64|85|81|80|77|57|6|5|4|8|58|76|73|72
gate_180,gate_176,368.77144494080613,82|65|62|63|64|85|81|80|77|57|51|50|52|55
gate_180,gate_177,391.1008590288554,82|65|62|63|64|85|81|80|77|57|51|50|49|56
gate_180,gate_178,365.95520719468414,82|65|62|63|64|85|81|80|70|69|68|71|88
gate_180,gate_179,386.2242571621937,82|65|62|63|64|85|81|80|70|69|68|67|66|87
gate_180,gate_181,95.75272095689243,82|65|62|61|60|83
gate_180,gate_170,492.10186614297754,82|65|62|63|64|85|81|80|77|57|6|5|11|14|15|16|53
gate_180,gate_168,490.3149803083932,82|65|62|63|64|85|81|80|77|57|6|7|47|46
gate_180,gate_169,484.0254800971191,82|65|62|63|64|85|81|80|77|57|6|7|48
gate_180,gate_166A,532.8821437504201,82|65|62|63|64|85|81|80|77|57|6|7|47|45|43|39|38
gate_180,gate_166B,533.0990623983553,82|65|62|63|64|85|81|80|77|57|6|7|47|45|43|39|41|40
gate_180,gate_167,526.5725601310471,82|65|62|63|64|85|81|80|77|57|6|7|47|45|43|39|41|37|36
gate_180,gate_165,607.0704601515008,82|65|62|63|64|85|81|80|77|57|6|7|47|45|43|39|41|37|35|33|31|30
gate_180,gate_164A,622.2555940434295,82|65|62|63|64|85|81|80|77|57|6|7|47|45|43|39|41|37|35|33|31|29|28
gate_180,gate_164B,623.1940897056637,82|65|62|63|64|85|81|80|77|57|6|7|47|45|43|39|41|37|35|33|31|29|27|26
gate_180,gate_163,635.5184891528584,82|65|62|63|64|85|81|80|77|57|6|7|47|45|43|39|41|37|35|33|31|29|27|23|22
gate_180,gate_162,654.4015679730938,82|65|62|63|64|85|81|80|77|57|6|7|47|45|43|39|41|37|35|33|31|29|27|23|24|25
gate_180,gate_161,672.1187994074634,82|65|62|63|64|85|81|80|77|57|6|7|47|45|43|39|41|37|35|33|31|29|27|23|24|18|17
gate_180,gate_160,695.5933836040452,82|65|62|63|64|85|81|80|77|57|6|7|47|45|43|39|41|37|35|33|31|29|27|23|24|18|19|20
gate_180,gate_FE2097,557.2846896203174,82|65|62|63|64|85|81|80|77|57|6|7|47|45|43|39|41|37|35|33|32
gate_180,gate_FE2095,548.3649809866419,82|65|62|63|64|85|81|80|77|57|6|7|47|45|43|39|41|37|35|34
gate_180,gate_FF2025,471.49994816881986,82|65|62|63|64|85|81|80|77|57|6|7|47|45|43|42
gate_180,gate_FF2031,465.3149723217871,82|65|62|63|64|85|81|80|77|57|6|7|47|45|44
gate_180,gate_FG2057,137.16595647013193,82|65|62|63|64|86
gate_180,gate_FG2043,264.81398516441675,82|65|62|63|64|85|81|80|77
gate_180,gate_FG2037,442.12773674883647,82|65|62|63|64|85|81|80|77|57|6|5|11|12
gate_180,gate_FG2085,405.985357832284,82|65|62|63|64|85|81|80|77|57|6|5|4|8
gate_180,gate_FG2041,305.3831280061338,82|65|62|63|64|85|81|80|77|57|78
gate_180,gate_FG2035,438.5101368970303,82|65|62|63|64|85|81|80|77|57|6|5|11|10
gate_180,gate_FG2089,410.8200891296043,82|65|62|63|64|85|81|80|77|57|6|5|4|9
gate_180,gate_FG2055,136.98719306239502,82|65|62|63|64|85|84
gate_181,gate_171,492.1069236164885,83|60|61|62|63|64|85|81|80|77|57|6|5|11|14|13|54
gate_181,gate_172,481.36779754892143,83|60|61|62|63|64|85|81|80|77|57|6|5|4|3|2|90|89|91
gate_181,gate_173,471.1180801170243,83|60|61|62|63|64|85|81|80|77|57|6|5|4|3|2|1|0
gate_181,gate_174,506.6982877850525,83|60|61|62|63|64|85|81|80|77|57|6|5|4|8|58|76|75|74
gate_181,gate_175,512.4479991737865,83|60|61|62|63|64|85|81|80|77|57|6|5|4|8|58|76|73|72
gate_181,gate_176,351.0662998324787,83|60|61|62|63|64|85|81|80|77|57|51|50|52|55
gate_181,gate_177,373.39571392052795,83|60|61|62|63|64|85|81|80|77|57|51|50|49|56
gate_181,gate_178,348.2500620863568,83|60|61|62|63|64|85|81|80|70|69|68|71|88
gate_181,gate_179,368.5191120538663,83|60|61|62|63|64|85|81|80|70|69|68|67|66|87
gate_181,gate_180,95.75272095689243,83|60|61|62|65|82
gate_181,gate_170,474.3967210346501,83|60|61|62|63|64|85|81|80|77|57|6|5|11|14|15|16|53
gate_181,gate_168,472.6098352000658,83|60|61|62|63|64|85|81|80|77|57|6|7|47|46
gate_181,gate_169,466.32033498879167,83|60|61|62|63|64|85|81|80|77|57|6|7|48
gate_181,gate_166A,515.1769986420927,83|60|61|62|63|64|85|81|80|77|57|6|7|47|45|43|39|38
gate_181,gate_166B,515.393917290028,83|60|61|62|63|64|85|81|80|77|57|6|7|47|45|43|39|41|40
gate_181,gate_167,508.8674150227196,83|60|61|62|63|64|85|81|80|77|57|6|7|47|45|43|39|41|37|36
gate_181,gate_165,589.3653150431734,83|60|61|62|63|64|85|81|80|77|57|6|7|47|45|43|39|41|37|35|33|31|30
gate_181,gate_164A,604.550448935102,83|60|61|62|63|64|85|81|80|77|57|6|7|47|45|43|39|41|37|35|33|31|29|28
gate_181,gate_164B,605.4889445973363,83|60|61|62|63|64|85|81|80|77|57|6|7|47|45|43|39|41|37|35|33|31|29|27|26
gate_181,gate_163,617.8133440445309,83|60|61|62|63|64|85|81|80|77|57|6|7|47|45|43|39|41|37|35|33|31|29|27|23|22
gate_181,gate_162,636.6964228647664,83|60|61|62|63|64|85|81|80|77|57|6|7|47|45|43|39|41|37|35|33|31|29|27|23|24|25
gate_181,gate_161,654.4136542991359,83|60|61|62|63|64|85|81|80|77|57|6|7|47|45|43|39|41|37|35|33|31|29|27|23|24|18|17
gate_181,gate_160,677.8882384957178,83|60|61|62|63|64|85|81|80|77|57|6|7|47|45|43|39|41|37|35|33|31|29|27|23|24|18|19|20
gate_181,gate_FE2097,539.57954451199,83|60|61|62|63|64|85|81|80|77|57|6|7|47|45|43|39|41|37|35|33|32
gate_181,gate_FE2095,530.6598358783144,83|60|61|62|63|64|85|81|80|77|57|6|7|47|45|43|39|41|37|35|34
gate_181,gate_FF2025,453.7948030604924,83|60|61|62|63|64|85|81|80|77|57|6|7|47|45|43|42
gate_181,gate_FF2031,447.60982721345965,83|60|61|62|63|64|85|81|80|77|57|6|7|47|45|44
gate_181,gate_FG2057,119.46081136180456,83|60|61|62|63|64|86
gate_181,gate_FG2043,247.10884005608935,83|60|61|62|63|64|85|81|80|77
gate_181,gate_FG2037,424.42259164050904,83|60|61|62|63|64|85|81|80|77|57|6|5|11|12
gate_181,gate_FG2085,388.2802127239566,83|60|61|62|63|64|85|81|80|77|57|6|5|4|8
gate_181,gate_FG2041,287.6779828978064,83|60|61|62|63|64|85|81|80|77|57|78
gate_181,gate_FG2035,420.80499178870286,83|60|61|62|63|64|85|81|80|77|57|6|5|11|10
gate_181,gate_FG2089,393.11494402127687,83|60|61|62|63|64|85|81|80|77|57|6|5|4|9
gate_181,gate_FG2055,119.28204795406765,83|60|61|62|63|64|85|84
gate_170,gate_171,95.80846156836787,53|16|15|14|13|54
gate_170,gate_172,242.30470717486196,53|16|15|14|11|5|4|3|2|90|89|91
gate_170,gate_173,232.05498974296486,53|16|15|14|11|5|4|3|2|1|0
gate_170,gate_174,267.63519741099293,53|16|15|14|11|5|4|8|58|76|75|74
gate_170,gate_175,273.38490879972693,53|16|15|14|11|5|4|8|58|76|73|72
gate_170,gate_176,296.1197012117954,53|16|15|14|11|5|6|57|51|50|52|55
gate_170,gate_177,318.44911529984466,53|16|15|14|11|5|6|57|51|50|49|56
gate_170,gate_178,345.09564121789583,53|16|15|14|11|5|6|57|77|80|70|69|68|71|88
gate_170,gate_179,365.3646911854053,53|16|15|14|11|5|6|57|77|80|70|69|68|67|66|87
gate_170,gate_180,492.1018661429775,53|16|15|14|11|5|6|57|77|80|81|85|64|63|62|65|82
gate_170,gate_181,474.3967210346501,53|16|15|14|11|5|6|57|77|80|81|85|64|63|62|61|60|83
gate_170,gate_168,317.67551997484566,53|16|15|14|11|5|6|7|47|46
gate_170,gate_169,311.38601976357154,53|16|15|14|11|5|6|7|48
gate_170,gate_166A,360.2426834168725,53|16|15|14|11|5|6|7|47|45|43|39|38
gate_170,gate_166B,360.4596020648077,53|16|15|14|11|5|6|7|47|45|43|39|41|40
gate_170,gate_167,353.93309979749944,53|16|15|14|11|5|6|7|47|45|43|39|41|37|36
gate_170,gate_165,434.430999817953,53|16|15|14|11|5|6|7|47|45|43|39|41|37|35|33|31|30
gate_170,gate_164A,449.61613370988175,53|16|15|14|11|5|6|7|47|45|43|39|41|37|35|33|31|29|28
gate_170,gate_164B,450.5546293721159,53|16|15|14|11|5|6|7|47|45|43|39|41|37|35|33|31|29|27|26
gate_170,gate_163,462.8790288193106,53|16|15|14|11|5|6|7|47|45|43|39|41|37|35|33|31|29|27|23|22
gate_170,gate_162,481.76210763954606,53|16|15|14|11|5|6|7|47|45|43|39|41|37|35|33|31|29|27|23|24|25
gate_170,gate_161,499.47933907391564,53|16|15|14|11|5|6|7|47|45|43|39|41|37|35|33|31|29|27|23|24|18|17
gate_170,gate_160,522.9539232704976,53|16|15|14|11|5|6|7|47|45|43|39|41|37|35|33|31|29|27|23|24|18|19|20
gate_170,gate_FE2097,384.6452292867697,53|16|15|14|11|5|6|7|47|45|43|39|41|37|35|33|32
gate_170,gate_FE2095,375.7255206530942,53|16|15|14|11|5|6|7|47|45|43|39|41|37|35|34
gate_170,gate_FF2025,298.8604878352723,53|16|15|14|11|5|6|7|47|45|43|42
gate_170,gate_FF2031,292.6755119882395,53|16|15|14|11|5|6|7|47|45|44
gate_170,gate_FG2057,394.43089412519174,53|16|15|14|11|5|6|57|77|80|81|85|64|86
gate_170,gate_FG2043,227.28788097856068,53|16|15|14|11|5|6|57|77
gate_170,gate_FG2037,92.7786629523305,53|16|15|14|11|12
gate_170,gate_FG2085,149.21712234989707,53|16|15|14|11|5|4|8
gate_170,gate_FG2041,232.73138427712306,53|16|15|14|11|5|6|57|78
gate_170,gate_FG2035,89.16106310052433,53|16|15|14|11|10
gate_170,gate_FG2089,154.05185364721737,53|16|15|14|11|5|4|9
gate_170,gate_FG2055,387.8651537658127,53|16|15|14|11|5|6|57|77|80|81|85|84
gate_168,gate_171,335.3857225566841,46|47|7|6|5|11|14|13|54
gate_168,gate_172,324.6465964891171,46|47|7|6|5|4|3|2|90|89|91
gate_168,gate_173,314.39687905721996,46|47|7|6|5|4|3|2|1|0
gate_168,gate_174,349.9770867252481,46|47|7|6|5|4|8|58|76|75|74
gate_168,gate_175,355.7267981139821,46|47|7|6|5|4|8|58|76|73|72
gate_168,gate_176,294.3328153772112,46|47|7|6|57|51|50|52|55
gate_168,gate_177,316.66222946526045,46|47|7|6|57|51|50|49|56
gate_168,gate_178,343.30875538331156,46|47|7|6|57|77|80|70|69|68|71|88
gate_168,gate_179,363.5778053508211,46|47|7|6|57|77|80|70|69|68|67|66|87
gate_168,gate_180,490.3149803083933,46|47|7|6|57|77|80|81|85|64|63|62|65|82
gate_168,gate_181,472.6098352000659,46|47|7|6|57|77|80|81|85|64|63|62|61|60|83
gate_168,gate_170,317.67551997484566,46|47|7|6|5|11|14|15|16|53
gate_168,gate_169,162.36665398324794,46|47|7|48
gate_168,gate_166A,190.2560531436848,46|47|45|43|39|38
gate_168,gate_166B,190.47297179161995,46|47|45|43|39|41|40
gate_168,gate_167,183.94646952431168,46|47|45|43|39|41|37|36
gate_168,gate_165,264.4443695447653,46|47|45|43|39|41|37|35|33|31|30
gate_168,gate_164A,279.629503436694,46|47|45|43|39|41|37|35|33|31|29|28
gate_168,gate_164B,280.56799909892817,46|47|45|43|39|41|37|35|33|31|29|27|26
gate_168,gate_163,292.8923985461229,46|47|45|43|39|41|37|35|33|31|29|27|23|22
gate_168,gate_162,311.7754773663583,46|47|45|43|39|41|37|35|33|31|29|27|23|24|25
gate_168,gate_161,329.4927088007279,46|47|45|43|39|41|37|35|33|31|29|27|23|24|18|17
gate_168,gate_160,352.9672929973098,46|47|45|43|39|41|37|35|33|31|29|27|23|24|18|19|20
gate_168,gate_FE2097,214.65859901358192,46|47|45|43|39|41|37|35|33|32
gate_168,gate_FE2095,205.73889037990642,46|47|45|43|39|41|37|35|34
gate_168,gate_FF2025,128.87385756208454,46|47|45|43|42
gate_168,gate_FF2031,122.68888171505179,46|47|45|44
gate_168,gate_FG2057,392.64400829060753,46|47|7|6|57|77|80|81|85|64|86
gate_168,gate_FG2043,225.50099514397647,46|47|7|6|57|77
gate_168,gate_FG2037,267.7013905807046,46|47|7|6|5|11|12
gate_168,gate_FG2085,231.5590116641522,46|47|7|6|5|4|8
gate_168,gate_FG2041,230.94449844253884,46|47|7|6|57|78
gate_168,gate_FG2035,264.08379072889846,46|47|7|6|5|11|10
gate_168,gate_FG2089,236.3937429614725,46|47|7|6|5|4|9
gate_168,gate_FG2055,386.0782679312285,46|47|7|6|57|77|80|81|85|84
gate_169,gate_171,329.09622234540996,48|7|6|5|11|14|13|54
gate_169,gate_172,318.35709627784297,48|7|6|5|4|3|2|90|89|91
gate_169,gate_173,308.10737884594585,48|7|6|5|4|3|2|1|0
gate_169,gate_174,343.687586513974,48|7|6|5|4|8|58|76|75|74
gate_169,gate_175,349.437297902708,48|7|6|5|4|8|58|76|73|72
gate_169,gate_176,288.04331516593703,48|7|6|57|51|50|52|55
gate_169,gate_177,310.3727292539863,48|7|6|57|51|50|49|56
gate_169,gate_178,337.01925517203745,48|7|6|57|77|80|70|69|68|71|88
gate_169,gate_179,357.288305139547,48|7|6|57|77|80|70|69|68|67|66|87
gate_169,gate_180,484.0254800971191,48|7|6|57|77|80|81|85|64|63|62|65|82
gate_169,gate_181,466.3203349887917,48|7|6|57|77|80|81|85|64|63|62|61|60|83
gate_169,gate_170,311.38601976357154,48|7|6|5|11|14|15|16|53
gate_169,gate_168,162.36665398324794,48|7|47|46
gate_169,gate_166A,204.93381742527487,48|7|47|45|43|39|38
gate_169,gate_166B,205.15073607321003,48|7|47|45|43|39|41|40
gate_169,gate_167,198.62423380590175,48|7|47|45|43|39|41|37|36
gate_169,gate_165,279.12213382635537,48|7|47|45|43|39|41|37|35|33|31|30
gate_169,gate_164A,294.30726771828404,48|7|47|45|43|39|41|37|35|33|31|29|28
gate_169,gate_164B,295.24576338051827,48|7|47|45|43|39|41|37|35|33|31|29|27|26
gate_169,gate_163,307.5701628277129,48|7|47|45|43|39|41|37|35|33|31|29|27|23|22
gate_169,gate_162,326.4532416479484,48|7|47|45|43|39|41|37|35|33|31|29|27|23|24|25
gate_169,gate_161,344.1704730823179,48|7|47|45|43|39|41|37|35|33|31|29|27|23|24|18|17
gate_169,gate_160,367.64505727889986,48|7|47|45|43|39|41|37|35|33|31|29|27|23|24|18|19|20
gate_169,gate_FE2097,229.336363295172,48|7|47|45|43|39|41|37|35|33|32
gate_169,gate_FE2095,220.4166546614965,48|7|47|45|43|39|41|37|35|34
gate_169,gate_FF2025,143.55162184367458,48|7|47|45|43|42
gate_169,gate_FF2031,137.36664599664186,48|7|47|45|44
gate_169,gate_FG2057,386.35450807933336,48|7|6|57|77|80|81|85|64|86
gate_169,gate_FG2043,219.21149493270232,48|7|6|57|77
gate_169,gate_FG2037,261.41189036943047,48|7|6|5|11|12
gate_169,gate_FG2085,225.26951145287808,48|7|6|5|4|8
gate_169,gate_FG2041,224.6549982312647,48|7|6|57|78
gate_169,gate_FG2035,257.79429051762435,48|7|6|5|11|10
gate_169,gate_FG2089,230.10424275019838,48|7|6|5|4|9
gate_169,gate_FG2055,379.7887677199543,48|7|6|57|77|80|81|85|84
gate_166A,gate_171,377.952885998711,38|39|43|45|47|7|6|5|11|14|13|54
gate_166A,gate_172,367.21375993114395,38|39|43|45|47|7|6|5|4|3|2|90|89|91
gate_166A,gate_173,356.96404249924683,38|39|43|45|47|7|6|5|4|3|2|1|0
gate_166A,gate_174,392.54425016727504,38|39|43|45|47|7|6|5|4|8|58|76|75|74
gate_166A,gate_175,398.29396155600904,38|39|43|45|47|7|6|5|4|8|58|76|73|72
gate_166A,gate_176,336.8999788192381,38|39|43|45|47|7|6|57|51|50|52|55
gate_166A,gate_177,359.2293929072873,38|39|43|45|47|7|6|57|51|50|49|56
gate_166A,gate_178,385.87591882533854,38|39|43|45|47|7|6|57|77|80|70|69|68|71|88
gate_166A,gate_179,406.1449687928481,38|39|43|45|47|7|6|57|77|80|70|69|68|67|66|87
gate_166A,gate_180,532.8821437504203,38|39|43|45|47|7|6|57|77|80|81|85|64|63|62|65|82
gate_166A,gate_181,515.1769986420928,38|39|43|45|47|7|6|57|77|80|81|85|64|63|62|61|60|83
gate_166A,gate_170,360.24268341687264,38|39|43|45|47|7|6|5|11|14|15|16|53
gate_166A,gate_168,190.2560531436848,38|39|43|45|47|46
gate_166A,gate_169,204.93381742527487,38|39|43|45|47|7|48
gate_166A,gate_166B,105.28124376204156,38|39|41|40
gate_166A,gate_167,98.75474149473327,38|39|41|37|36
gate_166A,gate_165,179.2526415151869,38|39|41|37|35|33|31|30
gate_166A,gate_164A,194.4377754071156,38|39|41|37|35|33|31|29|28
gate_166A,gate_164B,195.37627106934977,38|39|41|37|35|33|31|29|27|26
gate_166A,gate_163,207.70067051654445,38|39|41|37|35|33|31|29|27|23|22
gate_166A,gate_162,226.58374933677993,38|39|41|37|35|33|31|29|27|23|24|25
gate_166A,gate_161,244.30098077114948,38|39|41|37|35|33|31|29|27|23|24|18|17
gate_166A,gate_160,267.7755649677314,38|39|41|37|35|33|31|29|27|23|24|18|19|20
gate_166A,gate_FE2097,129.46687098400352,38|39|41|37|35|33|32
gate_166A,gate_FE2095,120.54716235032802,38|39|41|37|35|34
gate_166A,gate_FF2025,104.78884986625425,38|39|43|42
gate_166A,gate_FF2031,104.8085765654526,38|39|43|45|44
gate_166A,gate_FG2057,435.21117173263445,38|39|43|45|47|7|6|57|77|80|81|85|64|86
gate_166A,gate_FG2043,268.0681585860034,38|39|43|45|47|7|6|57|77
gate_166A,gate_FG2037,310.26855402273156,38|39|43|45|47|7|6|5|11|12
gate_166A,gate_FG2085,274.1261751061791,38|39|43|45|47|7|6|5|4|8
gate_166A,gate_FG2041,273.51166188456574,38|39|43|45|47|7|6|57|78
gate_166A,gate_FG2035,306.6509541709254,38|39|43|45|47|7|6|5|11|10
gate_166A,gate_FG2089,278.9609064034994,38|39|43|45|47|7|6|5|4|9
gate_166A,gate_FG2055,428.6454313732554,38|39|43|45|47|7|6|57|77|80|81|85|84
gate_166B,gate_171,378.1698046466461,40|41|39|43|45|47|7|6|5|11|14|13|54
gate_166B,gate_172,367.4306785790791,40|41|39|43|45|47|7|6|5|4|3|2|90|89|91
gate_166B,gate_173,357.18096114718196,40|41|39|43|45|47|7|6|5|4|3|2|1|0
gate_166B,gate_174,392.76116881521017,40|41|39|43|45|47|7|6|5|4|8|58|76|75|74
gate_166B,gate_175,398.51088020394417,40|41|39|43|45|47|7|6|5|4|8|58|76|73|72
gate_166B,gate_176,337.11689746717326,40|41|39|43|45|47|7|6|57|51|50|52|55
gate_166B,gate_177,359.4463115552225,40|41|39|43|45|47|7|6|57|51|50|49|56
gate_166B,gate_178,386.0928374732737,40|41|39|43|45|47|7|6|57|77|80|70|69|68|71|88
gate_166B,gate_179,406.3618874407832,40|41|39|43|45|47|7|6|57|77|80|70|69|68|67|66|87
gate_166B,gate_180,533.0990623983553,40|41|39|43|45|47|7|6|57|77|80|81|85|64|63|62|65|82
gate_166B,gate_181,515.393917290028,40|41|39|43|45|47|7|6|57|77|80|81|85|64|63|62|61|60|83
gate_166B,gate_170,360.45960206480777,40|41|39|43|45|47|7|6|5|11|14|15|16|53
gate_166B,gate_168,190.47297179161995,40|41|39|43|45|47|46
gate_166B,gate_169,205.15073607321,40|41|39|43|45|47|7|48
gate_166B,gate_166A,105.28124376204156,40|41|39|38
gate_166B,gate_167,93.27672895105762,40|41|37|36
gate_166B,gate_165,173.77462897151125,40|41|37|35|33|31|30
gate_166B,gate_164A,188.95976286343995,40|41|37|35|33|31|29|28
gate_166B,gate_164B,189.89825852567412,40|41|37|35|33|31|29|27|26
gate_166B,gate_163,202.2226579728688,40|41|37|35|33|31|29|27|23|22
gate_166B,gate_162,221.10573679310428,40|41|37|35|33|31|29|27|23|24|25
gate_166B,gate_161,238.82296822747384,40|41|37|35|33|31|29|27|23|24|18|17
gate_166B,gate_160,262.29755242405577,40|41|37|35|33|31|29|27|23|24|18|19|20
gate_166B,gate_FE2097,123.98885844032787,40|41|37|35|33|32
gate_166B,gate_FE2095,115.06914980665238,40|41|37|35|34
gate_166B,gate_FF2025,105.00576851418941,40|41|39|43|42
gate_166B,gate_FF2031,105.02549521338776,40|41|39|43|45|44
gate_166B,gate_FG2057,435.4280903805696,40|41|39|43|45|47|7|6|57|77|80|81|85|64|86
gate_166B,gate_FG2043,268.2850772339385,40|41|39|43|45|47|7|6|57|77
gate_166B,gate_FG2037,310.4854726706667,40|41|39|43|45|47|7|6|5|11|12
gate_166B,gate_FG2085,274.34309375411425,40|41|39|43|45|47|7|6|5|4|8
gate_166B,gate_FG2041,273.7285805325009,40|41|39|43|45|47|7|6|57|78
gate_166B,gate_FG2035,306.8678728188605,40|41|39|43|45|47|7|6|5|11|10
gate_166B,gate_FG2089,279.1778250514345,40|41|39|43|45|47|7|6|5|4|9
gate_166B,gate_FG2055,428.86235002119054,40|41|39|43|45|47|7|6|57|77|80|81|85|84
gate_167,gate_171,371.64330237933785,36|37|41|39|43|45|47|7|6|5|11|14|13|54
gate_167,gate_172,360.9041763117708,36|37|41|39|43|45|47|7|6|5|4|3|2|90|89|91
gate_167,gate_173,350.6544588798737,36|37|41|39|43|45|47|7|6|5|4|3|2|1|0
gate_167,gate_174,386.2346665479019,36|37|41|39|43|45|47|7|6|5|4|8|58|76|75|74
gate_167,gate_175,391.9843779366359,36|37|41|39|43|45|47|7|6|5|4|8|58|76|73|72
gate_167,gate_176,330.59039519986493,36|37|41|39|43|45|47|7|6|57|51|50|52|55
gate_167,gate_177,352.9198092879142,36|37|41|39|43|45|47|7|6|57|51|50|49|56
gate_167,gate_178,379.5663352059654,36|37|41|39|43|45|47|7|6|57|77|80|70|69|68|71|88
gate_167,gate_179,399.83538517347495,36|37|41|39|43|45|47|7|6|57|77|80|70|69|68|67|66|87
gate_167,gate_180,526.5725601310471,36|37|41|39|43|45|47|7|6|57|77|80|81|85|64|63|62|65|82
gate_167,gate_181,508.8674150227197,36|37|41|39|43|45|47|7|6|57|77|80|81|85|64|63|62|61|60|83
gate_167,gate_170,353.9330997974995,36|37|41|39|43|45|47|7|6|5|11|14|15|16|53
gate_167,gate_168,183.94646952431168,36|37|41|39|43|45|47|46
gate_167,gate_169,198.62423380590172,36|37|41|39|43|45|47|7|48
gate_167,gate_166A,98.75474149473327,36|37|41|39|38
gate_167,gate_166B,93.27672895105762,36|37|41|40
gate_167,gate_165,162.0120520625848,36|37|35|33|31|30
gate_167,gate_164A,177.1971859545135,36|37|35|33|31|29|28
gate_167,gate_164B,178.13568161674766,36|37|35|33|31|29|27|26
gate_167,gate_163,190.46008106394234,36|37|35|33|31|29|27|23|22
gate_167,gate_162,209.34315988417782,36|37|35|33|31|29|27|23|24|25
gate_167,gate_161,227.06039131854737,36|37|35|33|31|29|27|23|24|18|17
gate_167,gate_160,250.5349755151293,36|37|35|33|31|29|27|23|24|18|19|20
gate_167,gate_FE2097,112.22628153140141,36|37|35|33|32
gate_167,gate_FE2095,103.30657289772591,36|37|35|34
gate_167,gate_FF2025,98.47926624688112,36|37|41|39|43|42
gate_167,gate_FF2031,98.49899294607947,36|37|41|39|43|45|44
gate_167,gate_FG2057,428.9015881132613,36|37|41|39|43|45|47|7|6|57|77|80|81|85|64|86
gate_167,gate_FG2043,261.75857496663025,36|37|41|39|43|45|47|7|6|57|77
gate_167,gate_FG2037,303.9589704033584,36|37|41|39|43|45|47|7|6|5|11|12
gate_167,gate_FG2085,267.816591486806,36|37|41|39|43|45|47|7|6|5|4|8
gate_167,gate_FG2041,267.2020782651926,36|37|41|39|43|45|47|7|6|57|78
gate_167,gate_FG2035,300.34137055155225,36|37|41|39|43|45|47|7|6|5|11|10
gate_167,gate_FG2089,272.65132278412625,36|37|41|39|43|45|47|7|6|5|4|9
gate_167,gate_FG2055,422.33584775388226,36|37|41|39|43|45|47|7|6|57|77|80|81|85|84
gate_165,gate_171,452.14120239979144,30|31|33|35|37|41|39|43|45|47|7|6|5|11|14|13|54
gate_165,gate_172,441.4020763322244,30|31|33|35|37|41|39|43|45|47|7|6|5|4|3|2|90|89|91
gate_165,gate_173,431.1523589003273,30|31|33|35|37|41|39|43|45|47|7|6|5|4|3|2|1|0
gate_165,gate_174,466.7325665683555,30|31|33|35|37|41|39|43|45|47|7|6|5|4|8|58|76|75|74
gate_165,gate_175,472.4822779570895,30|31|33|35|37|41|39|43|45|47|7|6|5|4|8|58|76|73|72
gate_165,gate_176,411.08829522031857,30|31|33|35|37|41|39|43|45|47|7|6|57|51|50|52|55
gate_165,gate_177,433.4177093083678,30|31|33|35|37|41|39|43|45|47|7|6|57|51|50|49|56
gate_165,gate_178,460.064235226419,30|31|33|35|37|41|39|43|45|47|7|6|57|77|80|70|69|68|71|88
gate_165,gate_179,480.33328519392853,30|31|33|35|37|41|39|43|45|47|7|6|57|77|80|70|69|68|67|66|87
gate_165,gate_180,607.0704601515006,30|31|33|35|37|41|39|43|45|47|7|6|57|77|80|81|85|64|63|62|65|82
gate_165,gate_181,589.3653150431733,30|31|33|35|37|41|39|43|45|47|7|6|57|77|80|81|85|64|63|62|61|60|83
gate_165,gate_170,434.4309998179531,30|31|33|35|37|41|39|43|45|47|7|6|5|11|14|15|16|53
gate_165,gate_168,264.44436954476527,30|31|33|35|37|41|39|43|45|47|46
gate_165,gate_169,279.1221338263553,30|31|33|35|37|41|39|43|45|47|7|48
gate_165,gate_166A,179.2526415151869,30|31|33|35|37|41|39|38
gate_165,gate_166B,173.77462897151122,30|31|33|35|37|41|40
gate_165,gate_167,162.0120520625848,30|31|33|35|37|36
gate_165,gate_164A,117.87321666741175,30|31|29|28
gate_165,gate_164B,118.81171232964594,30|31|29|27|26
gate_165,gate_163,131.1361117768406,30|31|29|27|23|22
gate_165,gate_162,150.0191905970761,30|31|29|27|23|24|25
gate_165,gate_161,167.7364220314456,30|31|29|27|23|24|18|17
gate_165,gate_160,191.21100622802754,30|31|29|27|23|24|18|19|20
gate_165,gate_FE2097,94.39976744156033,30|31|33|32
gate_165,gate_FE2095,93.28789438018433,30|31|33|35|34
gate_165,gate_FF2025,178.97716626733472,30|31|33|35|37|41|39|43|42
gate_165,gate_FF2031,178.99689296653307,30|31|33|35|37|41|39|43|45|44
gate_165,gate_FG2057,509.3994881337149,30|31|33|35|37|41|39|43|45|47|7|6|57|77|80|81|85|64|86
gate_165,gate_FG2043,342.25647498708383,30|31|33|35|37|41|39|43|45|47|7|6|57|77
gate_165,gate_FG2037,384.456870423812,30|31|33|35|37|41|39|43|45|47|7|6|5|11|12
gate_165,gate_FG2085,348.31449150725956,30|31|33|35|37|41|39|43|45|47|7|6|5|4|8
gate_165,gate_FG2041,347.69997828564624,30|31|33|35|37|41|39|43|45|47|7|6|57|78
gate_165,gate_FG2035,380.83927057200583,30|31|33|35|37|41|39|43|45|47|7|6|5|11|10
gate_165,gate_FG2089,353.14922280457984,30|31|33|35|37|41|39|43|45|47|7|6|5|4|9
gate_165,gate_FG2055,502.83374777433585,30|31|33|35|37|41|39|43|45|47|7|6|57|77|80|81|85|84
gate_164A,gate_171,467.32633629172017,28|29|31|33|35|37|41|39|43|45|47|7|6|5|11|14|13|54
gate_164A,gate_172,456.5872102241531,28|29|31|33|35|37|41|39|43|45|47|7|6|5|4|3|2|90|89|91
gate_164A,gate_173,446.33749279225606,28|29|31|33|35|37|41|39|43|45|47|7|6|5|4|3|2|1|0
gate_164A,gate_174,481.9177004602842,28|29|31|33|35|37|41|39|43|45|47|7|6|5|4|8|58|76|75|74
gate_164A,gate_175,487.6674118490182,28|29|31|33|35|37|41|39|43|45|47|7|6|5|4|8|58|76|73|72
gate_164A,gate_176,426.27342911224724,28|29|31|33|35|37|41|39|43|45|47|7|6|57|51|50|52|55
gate_164A,gate_177,448.6028432002965,28|29|31|33|35|37|41|39|43|45|47|7|6|57|51|50|49|56
gate_164A,gate_178,475.24936911834766,28|29|31|33|35|37|41|39|43|45|47|7|6|57|77|80|70|69|68|71|88
gate_164A,gate_179,495.5184190858572,28|29|31|33|35|37|41|39|43|45|47|7|6|57|77|80|70|69|68|67|66|87
gate_164A,gate_180,622.2555940434293,28|29|31|33|35|37|41|39|43|45|47|7|6|57|77|80|81|85|64|63|62|65|82
gate_164A,gate_181,604.5504489351019,28|29|31|33|35|37|41|39|43|45|47|7|6|57|77|80|81|85|64|63|62|61|60|83
gate_164A,gate_170,449.61613370988175,28|29|31|33|35|37|41|39|43|45|47|7|6|5|11|14|15|16|53
gate_164A,gate_168,279.629503436694,28|29|31|33|35|37|41|39|43|45|47|46
gate_164A,gate_169,294.30726771828404,28|29|31|33|35|37|41|39|43|45|47|7|48
gate_164A,gate_166A,194.4377754071156,28|29|31|33|35|37|41|39|38
gate_164A,gate_166B,188.95976286343995,28|29|31|33|35|37|41|40
gate_164A,gate_167,177.1971859545135,28|29|31|33|35|37|36
gate_164A,gate_165,117.87321666741175,28|29|31|30
gate_164A,gate_164B,114.5499600038582,28|29|27|26
gate_164A,gate_163,126.87435945105287,28|29|27|23|22
gate_164A,gate_162,145.75743827128832,28|29|27|23|24|25
gate_164A,gate_161,163.4746697056579,28|29|27|23|24|18|17
gate_164A,gate_160,186.9492539022398,28|29|27|23|24|18|19|20
gate_164A,gate_FE2097,109.58490133348903,28|29|31|33|32
gate_164A,gate_FE2095,108.47302827211303,28|29|31|33|35|34
gate_164A,gate_FF2025,194.16230015926345,28|29|31|33|35|37|41|39|43|42
gate_164A,gate_FF2031,194.1820268584618,28|29|31|33|35|37|41|39|43|45|44
gate_164A,gate_FG2057,524.5846220256435,28|29|31|33|35|37|41|39|43|45|47|7|6|57|77|80|81|85|64|86
gate_164A,gate_FG2043,357.4416088790125,28|29|31|33|35|37|41|39|43|45|47|7|6|57|77
gate_164A,gate_FG2037,399.6420043157407,28|29|31|33|35|37|41|39|43|45|47|7|6|5|11|12
gate_164A,gate_FG2085,363.4996253991883,28|29|31|33|35|37|41|39|43|45|47|7|6|5|4|8
gate_164A,gate_FG2041,362.8851121775749,28|29|31|33|35|37|41|39|43|45|47|7|6|57|78
gate_164A,gate_FG2035,396.02440446393456,28|29|31|33|35|37|41|39|43|45|47|7|6|5|11|10
gate_164A,gate_FG2089,368.33435669650856,28|29|31|33|35|37|41|39|43|45|47|7|6|5|4|9
gate_164A,gate_FG2055,518.0188816662645,28|29|31|33|35|37|41|39|43|45|47|7|6|57|77|80|81|85|84
gate_164B,gate_171,468.26483195395434,26|27|29|31|33|35|37|41|39|43|45|47|7|6|5|11|14|13|54
gate_164B,gate_172,457.5257058863873,26|27|29|31|33|35|37|41|39|43|45|47|7|6|5|4|3|2|90|89|91
gate_164B,gate_173,447.2759884544902,26|27|29|31|33|35|37|41|39|43|45|47|7|6|5|4|3|2|1|0
gate_164B,gate_174,482.8561961225184,26|27|29|31|33|35|37|41|39|43|45|47|7|6|5|4|8|58|76|75|74
gate_164B,gate_175,488.6059075112524,26|27|29|31|33|35|37|41|39|43|45|47|7|6|5|4|8|58|76|73|72
gate_164B,gate_176,427.2119247744815,26|27|29|31|33|35|37|41|39|43|45|47|7|6|57|51|50|52|55
gate_164B,gate_177,449.5413388625307,26|27|29|31|33|35|37|41|39|43|45|47|7|6|57|51|50|49|56
gate_164B,gate_178,476.1878647805819,26|27|29|31|33|35|37|41|39|43|45|47|7|6|57|77|80|70|69|68|71|88
gate_164B,gate_179,496.45691474809144,26|27|29|31|33|35|37|41|39|43|45|47|7|6|57|77|80|70|69|68|67|66|87
gate_164B,gate_180,623.1940897056635,26|27|29|31|33|35|37|41|39|43|45|47|7|6|57|77|80|81|85|64|63|62|65|82
gate_164B,gate_181,605.4889445973362,26|27|29|31|33|35|37|41|39|43|45|47|7|6|57|77|80|81|85|64|63|62|61|60|83
gate_164B,gate_170,450.554629372116,26|27|29|31|33|35|37|41|39|43|45|47|7|6|5|11|14|15|16|53
gate_164B,gate_168,280.56799909892817,26|27|29|31|33|35|37|41|39|43|45|47|46
gate_164B,gate_169,295.2457633805182,26|27|29|31|33|35|37|41|39|43|45|47|7|48
gate_164B,gate_166A,195.37627106934977,26|27|29|31|33|35|37|41|39|38
gate_164B,gate_166B,189.89825852567412,26|27|29|31|33|35|37|41|40
gate_164B,gate_167,178.13568161674766,26|27|29|31|33|35|37|36
gate_164B,gate_165,118.81171232964594,26|27|29|31|30
gate_164B,gate_164A,114.5499600038582,26|27|29|28
gate_164B,gate_163,122.87842169953423,26|27|23|22
gate_164B,gate_162,141.7615005197697,26|27|23|24|25
gate_164B,gate_161,159.47873195413925,26|27|23|24|18|17
gate_164B,gate_160,182.95331615072118,26|27|23|24|18|19|20
gate_164B,gate_FE2097,110.5233969957232,26|27|29|31|33|32
gate_164B,gate_FE2095,109.4115239343472,26|27|29|31|33|35|34
gate_164B,gate_FF2025,195.10079582149763,26|27|29|31|33|35|37|41|39|43|42
gate_164B,gate_FF2031,195.12052252069597,26|27|29|31|33|35|37|41|39|43|45|44
gate_164B,gate_FG2057,525.5231176878779,26|27|29|31|33|35|37|41|39|43|45|47|7|6|57|77|80|81|85|64|86
gate_164B,gate_FG2043,358.38010454124674,26|27|29|31|33|35|37|41|39|43|45|47|7|6|57|77
gate_164B,gate_FG2037,400.5804999779749,26|27|29|31|33|35|37|41|39|43|45|47|7|6|5|11|12
gate_164B,gate_FG2085,364.43812106142246,26|27|29|31|33|35|37|41|39|43|45|47|7|6|5|4|8
gate_164B,gate_FG2041,363.82360783980914,26|27|29|31|33|35|37|41|39|43|45|47|7|6|57|78
gate_164B,gate_FG2035,396.96290012616873,26|27|29|31|33|35|37|41|39|43|45|47|7|6|5|11|10
gate_164B,gate_FG2089,369.27285235874274,26|27|29|31|33|35|37|41|39|43|45|47|7|6|5|4|9
gate_164B,gate_FG2055,518.9573773284988,26|27|29|31|33|35|37|41|39|43|45|47|7|6|57|77|80|81|85|84
gate_163,gate_171,480.58923140114905,22|23|27|29|31|33|35|37|41|39|43|45|47|7|6|5|11|14|13|54
gate_163,gate_172,469.850105333582,22|23|27|29|31|33|35|37|41|39|43|45|47|7|6|5|4|3|2|90|89|91
gate_163,gate_173,459.60038790168494,22|23|27|29|31|33|35|37|41|39|43|45|47|7|6|5|4|3|2|1|0
gate_163,gate_174,495.1805955697131,22|23|27|29|31|33|35|37|41|39|43|45|47|7|6|5|4|8|58|76|75|74
gate_163,gate_175,500.9303069584471,22|23|27|29|31|33|35|37|41|39|43|45|47|7|6|5|4|8|58|76|73|72
gate_163,gate_176,439.5363242216761,22|23|27|29|31|33|35|37|41|39|43|45|47|7|6|57|51|50|52|55
gate_163,gate_177,461.8657383097254,22|23|27|29|31|33|35|37|41|39|43|45|47|7|6|57|51|50|49|56
gate_163,gate_178,488.51226422777654,22|23|27|29|31|33|35|37|41|39|43|45|47|7|6|57|77|80|70|69|68|71|88
gate_163,gate_179,508.7813141952861,22|23|27|29|31|33|35|37|41|39|43|45|47|7|6|57|77|80|70|69|68|67|66|87
gate_163,gate_180,635.5184891528581,22|23|27|29|31|33|35|37|41|39|43|45|47|7|6|57|77|80|81|85|64|63|62|65|82
gate_163,gate_181,617.8133440445308,22|23|27|29|31|33|35|37|41|39|43|45|47|7|6|57|77|80|81|85|64|63|62|61|60|83
gate_163,gate_170,462.87902881931063,22|23|27|29|31|33|35|37|41|39|43|45|47|7|6|5|11|14|15|16|53
gate_163,gate_168,292.8923985461229,22|23|27|29|31|33|35|37|41|39|43|45|47|46
gate_163,gate_169,307.5701628277129,22|23|27|29|31|33|35|37|41|39|43|45|47|7|48
gate_163,gate_166A,207.70067051654445,22|23|27|29|31|33|35|37|41|39|38
gate_163,gate_166B,202.2226579728688,22|23|27|29|31|33|35|37|41|40
gate_163,gate_167,190.46008106394234,22|23|27|29|31|33|35|37|36
gate_163,gate_165,131.1361117768406,22|23|27|29|31|30
gate_163,gate_164A,126.87435945105287,22|23|27|29|28
gate_163,gate_164B,122.87842169953423,22|23|27|26
gate_163,gate_162,124.97478992551406,22|23|24|25
gate_163,gate_161,142.6920213598836,22|23|24|18|17
gate_163,gate_160,166.16660555646553,22|23|24|18|19|20
gate_163,gate_FE2097,122.84779644291788,22|23|27|29|31|33|32
gate_163,gate_FE2095,121.73592338154188,22|23|27|29|31|33|35|34
gate_163,gate_FF2025,207.4251952686923,22|23|27|29|31|33|35|37|41|39|43|42
gate_163,gate_FF2031,207.44492196789065,22|23|27|29|31|33|35|37|41|39|43|45|44
gate_163,gate_FG2057,537.8475171350724,22|23|27|29|31|33|35|37|41|39|43|45|47|7|6|57|77|80|81|85|64|86
gate_163,gate_FG2043,370.7045039884414,22|23|27|29|31|33|35|37|41|39|43|45|47|7|6|57|77
gate_163,gate_FG2037,412.90489942516956,22|23|27|29|31|33|35|37|41|39|43|45|47|7|6|5|11|12
gate_163,gate_FG2085,376.7625205086172,22|23|27|29|31|33|35|37|41|39|43|45|47|7|6|5|4|8
gate_163,gate_FG2041,376.1480072870038,22|23|27|29|31|33|35|37|41|39|43|45|47|7|6|57|78
gate_163,gate_FG2035,409.28729957336344,22|23|27|29|31|33|35|37|41|39|43|45|47|7|6|5|11|10
gate_163,gate_FG2089,381.59725180593745,22|23|27|29|31|33|35|37|41|39|43|45|47|7|6|5|4|9
gate_163,gate_FG2055,531.2817767756934,22|23|27|29|31|33|35|37|41|39|43|45|47|7|6|57|77|80|81|85|84
gate_162,gate_171,499.4723102213845,25|24|23|27|29|31|33|35|37|41|39|43|45|47|7|6|5|11|14|13|54
gate_162,gate_172,488.73318415381743,25|24|23|27|29|31|33|35|37|41|39|43|45|47|7|6|5|4|3|2|90|89|91
gate_162,gate_173,478.4834667219203,25|24|23|27|29|31|33|35|37|41|39|43|45|47|7|6|5|4|3|2|1|0
gate_162,gate_174,514.0636743899485,25|24|23|27|29|31|33|35|37|41|39|43|45|47|7|6|5|4|8|58|76|75|74
gate_162,gate_175,519.8133857786825,25|24|23|27|29|31|33|35|37|41|39|43|45|47|7|6|5|4|8|58|76|73|72
gate_162,gate_176,458.4194030419116,25|24|23|27|29|31|33|35|37|41|39|43|45|47|7|6|57|51|50|52|55
gate_162,gate_177,480.74881712996086,25|24|23|27|29|31|33|35|37|41|39|43|45|47|7|6|57|51|50|49|56
gate_162,gate_178,507.395343048012,25|24|23|27|29|31|33|35|37|41|39|43|45|47|7|6|57|77|80|70|69|68|71|88
gate_162,gate_179,527.6643930155216,25|24|23|27|29|31|33|35|37|41|39|43|45|47|7|6|57|77|80|70|69|68|67|66|87
gate_162,gate_180,654.4015679730936,25|24|23|27|29|31|33|35|37|41|39|43|45|47|7|6|57|77|80|81|85|64|63|62|65|82
gate_162,gate_181,636.6964228647663,25|24|23|27|29|31|33|35|37|41|39|43|45|47|7|6|57|77|80|81|85|64|63|62|61|60|83
gate_162,gate_170,481.7621076395461,25|24|23|27|29|31|33|35|37|41|39|43|45|47|7|6|5|11|14|15|16|53
gate_162,gate_168,311.7754773663583,25|24|23|27|29|31|33|35|37|41|39|43|45|47|46
gate_162,gate_169,326.45324164794835,25|24|23|27|29|31|33|35|37|41|39|43|45|47|7|48
gate_162,gate_166A,226.5837493367799,25|24|23|27|29|31|33|35|37|41|39|38
gate_162,gate_166B,221.10573679310426,25|24|23|27|29|31|33|35|37|41|40
gate_162,gate_167,209.3431598841778,25|24|23|27|29|31|33|35|37|36
gate_162,gate_165,150.0191905970761,25|24|23|27|29|31|30
gate_162,gate_164A,145.75743827128832,25|24|23|27|29|28
gate_162,gate_164B,141.7615005197697,25|24|23|27|26
gate_162,gate_163,124.97478992551406,25|24|23|22
gate_162,gate_161,122.13287397694674,25|24|18|17
gate_162,gate_160,145.60745817352867,25|24|18|19|20
gate_162,gate_FE2097,141.73087526315334,25|24|23|27|29|31|33|32
gate_162,gate_FE2095,140.61900220177733,25|24|23|27|29|31|33|35|34
gate_162,gate_FF2025,226.30827408892776,25|24|23|27|29|31|33|35|37|41|39|43|42
gate_162,gate_FF2031,226.3280007881261,25|24|23|27|29|31|33|35|37|41|39|43|45|44
gate_162,gate_FG2057,556.7305959553079,25|24|23|27|29|31|33|35|37|41|39|43|45|47|7|6|57|77|80|81|85|64|86
gate_162,gate_FG2043,389.58758280867687,25|24|23|27|29|31|33|35|37|41|39|43|45|47|7|6|57|77
gate_162,gate_FG2037,431.78797824540504,25|24|23|27|29|31|33|35|37|41|39|43|45|47|7|6|5|11|12
gate_162,gate_FG2085,395.6455993288526,25|24|23|27|29|31|33|35|37|41|39|43|45|47|7|6|5|4|8
gate_162,gate_FG2041,395.0310861072393,25|24|23|27|29|31|33|35|37|41|39|43|45|47|7|6|57|78
gate_162,gate_FG2035,428.17037839359887,25|24|23|27|29|31|33|35|37|41|39|43|45|47|7|6|5|11|10
gate_162,gate_FG2089,400.4803306261729,25|24|23|27|29|31|33|35|37|41|39|43|45|47|7|6|5|4|9
gate_162,gate_FG2055,550.1648555959289,25|24|23|27|29|31|33|35|37|41|39|43|45|47|7|6|57|77|80|81|85|84
gate_161,gate_171,517.189541655754,17|18|24|23|27|29|31|33|35|37|41|39|43|45|47|7|6|5|11|14|13|54
gate_161,gate_172,506.450415588187,17|18|24|23|27|29|31|33|35|37|41|39|43|45|47|7|6|5|4|3|2|90|89|91
gate_161,gate_173,496.20069815628995,17|18|24|23|27|29|31|33|35|37|41|39|43|45|47|7|6|5|4|3|2|1|0
gate_161,gate_174,531.7809058243181,17|18|24|23|27|29|31|33|35|37|41|39|43|45|47|7|6|5|4|8|58|76|75|74
gate_161,gate_175,537.5306172130521,17|18|24|23|27|29|31|33|35|37|41|39|43|45|47|7|6|5|4|8|58|76|73|72
gate_161,gate_176,476.13663447628113,17|18|24|23|27|29|31|33|35|37|41|39|43|45|47|7|6|57|51|50|52|55
gate_161,gate_177,498.4660485643304,17|18|24|23|27|29|31|33|35|37|41|39|43|45|47|7|6|57|51|50|49|56
gate_161,gate_178,525.1125744823815,17|18|24|23|27|29|31|33|35|37|41|39|43|45|47|7|6|57|77|80|70|69|68|71|88
gate_161,gate_179,545.3816244498911,17|18|24|23|27|29|31|33|35|37|41|39|43|45|47|7|6|57|77|80|70|69|68|67|66|87
gate_161,gate_180,672.1187994074631,17|18|24|23|27|29|31|33|35|37|41|39|43|45|47|7|6|57|77|80|81|85|64|63|62|65|82
gate_161,gate_181,654.4136542991358,17|18|24|23|27|29|31|33|35|37|41|39|43|45|47|7|6|57|77|80|81|85|64|63|62|61|60|83
gate_161,gate_170,499.47933907391564,17|18|24|23|27|29|31|33|35|37|41|39|43|45|47|7|6|5|11|14|15|16|53
gate_161,gate_168,329.4927088007279,17|18|24|23|27|29|31|33|35|37|41|39|43|45|47|46
gate_161,gate_169,344.1704730823179,17|18|24|23|27|29|31|33|35|37|41|39|43|45|47|7|48
gate_161,gate_166A,244.30098077114945,17|18|24|23|27|29|31|33|35|37|41|39|38
gate_161,gate_166B,238.8229682274738,17|18|24|23|27|29|31|33|35|37|41|40
gate_161,gate_167,227.06039131854735,17|18|24|23|27|29|31|33|35|37|36
gate_161,gate_165,167.7364220314456,17|18|24|23|27|29|31|30
gate_161,gate_164A,163.4746697056579,17|18|24|23|27|29|28
gate_161,gate_164B,159.47873195413925,17|18|24|23|27|26
gate_161,gate_163,142.6920213598836,17|18|24|23|22
gate_161,gate_162,122.13287397694674,17|18|24|25
gate_161,gate_160,98.72371038986836,17|18|19|20
gate_161,gate_FE2097,159.4481066975229,17|18|24|23|27|29|31|33|32
gate_161,gate_FE2095,158.3362336361469,17|18|24|23|27|29|31|33|35|34
gate_161,gate_FF2025,244.0255055232973,17|18|24|23|27|29|31|33|35|37|41|39|43|42
gate_161,gate_FF2031,244.04523222249566,17|18|24|23|27|29|31|33|35|37|41|39|43|45|44
gate_161,gate_FG2057,574.4478273896774,17|18|24|23|27|29|31|33|35|37|41|39|43|45|47|7|6|57|77|80|81|85|64|86
gate_161,gate_FG2043,407.3048142430464,17|18|24|23|27|29|31|33|35|37|41|39|43|45|47|7|6|57|77
gate_161,gate_FG2037,449.50520967977457,17|18|24|23|27|29|31|33|35|37|41|39|43|45|47|7|6|5|11|12
gate_161,gate_FG2085,413.3628307632222,17|18|24|23|27|29|31|33|35|37|41|39|43|45|47|7|6|5|4|8
gate_161,gate_FG2041,412.7483175416088,17|18|24|23|27|29|31|33|35|37|41|39|43|45|47|7|6|57|78
gate_161,gate_FG2035,445.88760982796845,17|18|24|23|27|29|31|33|35|37|41|39|43|45|47|7|6|5|11|10
gate_161,gate_FG2089,418.19756206054245,17|18|24|23|27|29|31|33|35|37|41|39|43|45|47|7|6|5|4|9
gate_161,gate_FG2055,567.8820870302984,17|18|24|23|27|29|31|33|35|37|41|39|43|45|47|7|6|57|77|80|81|85|84
gate_160,gate_171,540.6641258523359,20|19|18|24|23|27|29|31|33|35|37|41|39|43|45|47|7|6|5|11|14|13|54
gate_160,gate_172,529.9249997847689,20|19|18|24|23|27|29|31|33|35|37|41|39|43|45|47|7|6|5|4|3|2|90|89|91
gate_160,gate_173,519.6752823528718,20|19|18|24|23|27|29|31|33|35|37|41|39|43|45|47|7|6|5|4|3|2|1|0
gate_160,gate_174,555.2554900209,20|19|18|24|23|27|29|31|33|35|37|41|39|43|45|47|7|6|5|4|8|58|76|75|74
gate_160,gate_175,561.005201409634,20|19|18|24|23|27|29|31|33|35|37|41|39|43|45|47|7|6|5|4|8|58|76|73|72
gate_160,gate_176,499.611218672863,20|19|18|24|23|27|29|31|33|35|37|41|39|43|45|47|7|6|57|51|50|52|55
gate_160,gate_177,521.9406327609123,20|19|18|24|23|27|29|31|33|35|37|41|39|43|45|47|7|6|57|51|50|49|56
gate_160,gate_178,548.5871586789634,20|19|18|24|23|27|29|31|33|35|37|41|39|43|45|47|7|6|57|77|80|70|69|68|71|88
gate_160,gate_179,568.856208646473,20|19|18|24|23|27|29|31|33|35|37|41|39|43|45|47|7|6|57|77|80|70|69|68|67|66|87
gate_160,gate_180,695.593383604045,20|19|18|24|23|27|29|31|33|35|37|41|39|43|45|47|7|6|57|77|80|81|85|64|63|62|65|82
gate_160,gate_181,677.8882384957177,20|19|18|24|23|27|29|31|33|35|37|41|39|43|45|47|7|6|57|77|80|81|85|64|63|62|61|60|83
gate_160,gate_170,522.9539232704975,20|19|18|24|23|27|29|31|33|35|37|41|39|43|45|47|7|6|5|11|14|15|16|53
gate_160,gate_168,352.96729299730976,20|19|18|24|23|27|29|31|33|35|37|41|39|43|45|47|46
gate_160,gate_169,367.6450572788998,20|19|18|24|23|27|29|31|33|35|37|41|39|43|45|47|7|48
gate_160,gate_166A,267.7755649677314,20|19|18|24|23|27|29|31|33|35|37|41|39|38
gate_160,gate_166B,262.29755242405577,20|19|18|24|23|27|29|31|33|35|37|41|40
gate_160,gate_167,250.53497551512928,20|19|18|24|23|27|29|31|33|35|37|36
gate_160,gate_165,191.21100622802754,20|19|18|24|23|27|29|31|30
gate_160,gate_164A,186.9492539022398,20|19|18|24|23|27|29|28
gate_160,gate_164B,182.95331615072118,20|19|18|24|23|27|26
gate_160,gate_163,166.16660555646553,20|19|18|24|23|22
gate_160,gate_162,145.60745817352867,20|19|18|24|25
gate_160,gate_161,98.72371038986836,20|19|18|17
gate_160,gate_FE2097,182.92269089410482,20|19|18|24|23|27|29|31|33|32
gate_160,gate_FE2095,181.81081783272882,20|19|18|24|23|27|29|31|33|35|34
gate_160,gate_FF2025,267.50008971987927,20|19|18|24|23|27|29|31|33|35|37|41|39|43|42
gate_160,gate_FF2031,267.5198164190776,20|19|18|24|23|27|29|31|33|35|37|41|39|43|45|44
gate_160,gate_FG2057,597.9224115862593,20|19|18|24|23|27|29|31|33|35|37|41|39|43|45|47|7|6|57|77|80|81|85|64|86
gate_160,gate_FG2043,430.77939843962827,20|19|18|24|23|27|29|31|33|35|37|41|39|43|45|47|7|6|57|77
gate_160,gate_FG2037,472.97979387635644,20|19|18|24|23|27|29|31|33|35|37|41|39|43|45|47|7|6|5|11|12
gate_160,gate_FG2085,436.83741495980405,20|19|18|24|23|27|29|31|33|35|37|41|39|43|45|47|7|6|5|4|8
gate_160,gate_FG2041,436.22290173819067,20|19|18|24|23|27|29|31|33|35|37|41|39|43|45|47|7|6|57|78
gate_160,gate_FG2035,469.3621940245503,20|19|18|24|23|27|29|31|33|35|37|41|39|43|45|47|7|6|5|11|10
gate_160,gate_FG2089,441.6721462571243,20|19|18|24|23|27|29|31|33|35|37|41|39|43|45|47|7|6|5|4|9
gate_160,gate_FG2055,591.3566712268803,20|19|18|24|23|27|29|31|33|35|37|41|39|43|45|47|7|6|57|77|80|81|85|84
gate_FE2097,gate_171,402.3554318686081,32|33|35|37|41|39|43|45|47|7|6|5|11|14|13|54
gate_FE2097,gate_172,391.61630580104105,32|33|35|37|41|39|43|45|47|7|6|5|4|3|2|90|89|91
gate_FE2097,gate_173,381.366588369144,32|33|35|37|41|39|43|45|47|7|6|5|4|3|2|1|0
gate_FE2097,gate_174,416.94679603717213,32|33|35|37|41|39|43|45|47|7|6|5|4|8|58|76|75|74
gate_FE2097,gate_175,422.69650742590613,32|33|35|37|41|39|43|45|47|7|6|5|4|8|58|76|73|72
gate_FE2097,gate_176,361.30252468913517,32|33|35|37|41|39|43|45|47|7|6|57|51|50|52|55
gate_FE2097,gate_177,383.6319387771844,32|33|35|37|41|39|43|45|47|7|6|57|51|50|49|56
gate_FE2097,gate_178,410.2784646952356,32|33|35|37|41|39|43|45|47|7|6|57|77|80|70|69|68|71|88
gate_FE2097,gate_179,430.54751466274513,32|33|35|37|41|39|43|45|47|7|6|57|77|80|70|69|68|67|66|87
gate_FE2097,gate_180,557.2846896203172,32|33|35|37|41|39|43|45|47|7|6|57|77|80|81|85|64|63|62|65|82
gate_FE2097,gate_181,539.5795445119899,32|33|35|37|41|39|43|45|47|7|6|57|77|80|81|85|64|63|62|61|60|83
gate_FE2097,gate_170,384.6452292867697,32|33|35|37|41|39|43|45|47|7|6|5|11|14|15|16|53
gate_FE2097,gate_168,214.65859901358192,32|33|35|37|41|39|43|45|47|46
gate_FE2097,gate_169,229.33636329517196,32|33|35|37|41|39|43|45|47|7|48
gate_FE2097,gate_166A,129.46687098400352,32|33|35|37|41|39|38
gate_FE2097,gate_166B,123.98885844032787,32|33|35|37|41|40
gate_FE2097,gate_167,112.22628153140143,32|33|35|37|36
gate_FE2097,gate_165,94.39976744156033,32|33|31|30
gate_FE2097,gate_164A,109.58490133348903,32|33|31|29|28
gate_FE2097,gate_164B,110.52339699572322,32|33|31|29|27|26
gate_FE2097,gate_163,122.84779644291788,32|33|31|29|27|23|22
gate_FE2097,gate_162,141.73087526315334,32|33|31|29|27|23|24|25
gate_FE2097,gate_161,159.44810669752292,32|33|31|29|27|23|24|18|17
gate_FE2097,gate_160,182.92269089410482,32|33|31|29|27|23|24|18|19|20
gate_FE2097,gate_FE2095,43.50212384900096,32|33|35|34
gate_FE2097,gate_FF2025,129.19139573615138,32|33|35|37|41|39|43|42
gate_FE2097,gate_FF2031,129.21112243534972,32|33|35|37|41|39|43|45|44
gate_FE2097,gate_FG2057,459.6137176025315,32|33|35|37|41|39|43|45|47|7|6|57|77|80|81|85|64|86
gate_FE2097,gate_FG2043,292.47070445590043,32|33|35|37|41|39|43|45|47|7|6|57|77
gate_FE2097,gate_FG2037,334.6710998926286,32|33|35|37|41|39|43|45|47|7|6|5|11|12
gate_FE2097,gate_FG2085,298.5287209760762,32|33|35|37|41|39|43|45|47|7|6|5|4|8
gate_FE2097,gate_FG2041,297.91420775446284,32|33|35|37|41|39|43|45|47|7|6|57|78
gate_FE2097,gate_FG2035,331.0535000408225,32|33|35|37|41|39|43|45|47|7|6|5|11|10
gate_FE2097,gate_FG2089,303.3634522733965,32|33|35|37|41|39|43|45|47|7|6|5|4|9
gate_FE2097,gate_FG2055,453.04797724315245,32|33|35|37|41|39|43|45|47|7|6|57|77|80|81|85|84
gate_FE2095,gate_171,393.4357232349326,34|35|37|41|39|43|45|47|7|6|5|11|14|13|54
gate_FE2095,gate_172,382.69659716736555,34|35|37|41|39|43|45|47|7|6|5|4|3|2|90|89|91
gate_FE2095,gate_173,372.4468797354684,34|35|37|41|39|43|45|47|7|6|5|4|3|2|1|0
gate_FE2095,gate_174,408.02708740349664,34|35|37|41|39|43|45|47|7|6|5|4|8|58|76|75|74
gate_FE2095,gate_175,413.77679879223064,34|35|37|41|39|43|45|47|7|6|5|4|8|58|76|73|72
gate_FE2095,gate_176,352.3828160554597,34|35|37|41|39|43|45|47|7|6|57|51|50|52|55
gate_FE2095,gate_177,374.712230143509,34|35|37|41|39|43|45|47|7|6|57|51|50|49|56
gate_FE2095,gate_178,401.35875606156014,34|35|37|41|39|43|45|47|7|6|57|77|80|70|69|68|71|88
gate_FE2095,gate_179,421.6278060290697,34|35|37|41|39|43|45|47|7|6|57|77|80|70|69|68|67|66|87
gate_FE2095,gate_180,548.3649809866417,34|35|37|41|39|43|45|47|7|6|57|77|80|81|85|64|63|62|65|82
gate_FE2095,gate_181,530.6598358783144,34|35|37|41|39|43|45|47|7|6|57|77|80|81|85|64|63|62|61|60|83
gate_FE2095,gate_170,375.72552065309424,34|35|37|41|39|43|45|47|7|6|5|11|14|15|16|53
gate_FE2095,gate_168,205.73889037990642,34|35|37|41|39|43|45|47|46
gate_FE2095,gate_169,220.41665466149647,34|35|37|41|39|43|45|47|7|48
gate_FE2095,gate_166A,120.54716235032802,34|35|37|41|39|38
gate_FE2095,gate_166B,115.06914980665238,34|35|37|41|40
gate_FE2095,gate_167,103.30657289772591,34|35|37|36
gate_FE2095,gate_165,93.28789438018433,34|35|33|31|30
gate_FE2095,gate_164A,108.47302827211303,34|35|33|31|29|28
gate_FE2095,gate_164B,109.41152393434722,34|35|33|31|29|27|26
gate_FE2095,gate_163,121.73592338154188,34|35|33|31|29|27|23|22
gate_FE2095,gate_162,140.61900220177733,34|35|33|31|29|27|23|24|25
gate_FE2095,gate_161,158.33623363614691,34|35|33|31|29|27|23|24|18|17
gate_FE2095,gate_160,181.81081783272882,34|35|33|31|29|27|23|24|18|19|20
gate_FE2095,gate_FE2097,43.50212384900096,34|35|33|32
gate_FE2095,gate_FF2025,120.27168710247588,34|35|37|41|39|43|42
gate_FE2095,gate_FF2031,120.29141380167422,34|35|37|41|39|43|45|44
gate_FE2095,gate_FG2057,450.69400896885605,34|35|37|41|39|43|45|47|7|6|57|77|80|81|85|64|86
gate_FE2095,gate_FG2043,283.550995822225,34|35|37|41|39|43|45|47|7|6|57|77
gate_FE2095,gate_FG2037,325.75139125895316,34|35|37|41|39|43|45|47|7|6|5|11|12
gate_FE2095,gate_FG2085,289.6090123424007,34|35|37|41|39|43|45|47|7|6|5|4|8
gate_FE2095,gate_FG2041,288.9944991207874,34|35|37|41|39|43|45|47|7|6|57|78
gate_FE2095,gate_FG2035,322.133791407147,34|35|37|41|39|43|45|47|7|6|5|11|10
gate_FE2095,gate_FG2089,294.443743639721,34|35|37|41|39|43|45|47|7|6|5|4|9
gate_FE2095,gate_FG2055,444.128268609477,34|35|37|41|39|43|45|47|7|6|57|77|80|81|85|84
gate_FF2025,gate_171,316.5706904171107,42|43|45|47|7|6|5|11|14|13|54
gate_FF2025,gate_172,305.8315643495437,42|43|45|47|7|6|5|4|3|2|90|89|91
gate_FF2025,gate_173,295.58184691764666,42|43|45|47|7|6|5|4|3|2|1|0
gate_FF2025,gate_174,331.16205458567475,42|43|45|47|7|6|5|4|8|58|76|75|74
gate_FF2025,gate_175,336.91176597440875,42|43|45|47|7|6|5|4|8|58|76|73|72
gate_FF2025,gate_176,275.51778323763784,42|43|45|47|7|6|57|51|50|52|55
gate_FF2025,gate_177,297.8471973256871,42|43|45|47|7|6|57|51|50|49|56
gate_FF2025,gate_178,324.49372324373826,42|43|45|47|7|6|57|77|80|70|69|68|71|88
gate_FF2025,gate_179,344.76277321124775,42|43|45|47|7|6|57|77|80|70|69|68|67|66|87
gate_FF2025,gate_180,471.4999481688199,42|43|45|47|7|6|57|77|80|81|85|64|63|62|65|82
gate_FF2025,gate_181,453.79480306049254,42|43|45|47|7|6|57|77|80|81|85|64|63|62|61|60|83
gate_FF2025,gate_170,298.86048783527235,42|43|45|47|7|6|5|11|14|15|16|53
gate_FF2025,gate_168,128.87385756208454,42|43|45|47|46
gate_FF2025,gate_169,143.55162184367458,42|43|45|47|7|48
gate_FF2025,gate_166A,104.78884986625425,42|43|39|38
gate_FF2025,gate_166B,105.00576851418941,42|43|39|41|40
gate_FF2025,gate_167,98.47926624688112,42|43|39|41|37|36
gate_FF2025,gate_165,178.97716626733475,42|43|39|41|37|35|33|31|30
gate_FF2025,gate_164A,194.16230015926345,42|43|39|41|37|35|33|31|29|28
gate_FF2025,gate_164B,195.10079582149763,42|43|39|41|37|35|33|31|29|27|26
gate_FF2025,gate_163,207.4251952686923,42|43|39|41|37|35|33|31|29|27|23|22
gate_FF2025,gate_162,226.3082740889278,42|43|39|41|37|35|33|31|29|27|23|24|25
gate_FF2025,gate_161,244.02550552329734,42|43|39|41|37|35|33|31|29|27|23|24|18|17
gate_FF2025,gate_160,267.50008971987927,42|43|39|41|37|35|33|31|29|27|23|24|18|19|20
gate_FF2025,gate_FE2097,129.19139573615138,42|43|39|41|37|35|33|32
gate_FF2025,gate_FE2095,120.27168710247588,42|43|39|41|37|35|34
gate_FF2025,gate_FF2031,43.42638098385235,42|43|45|44
gate_FF2025,gate_FG2057,373.82897615103417,42|43|45|47|7|6|57|77|80|81|85|64|86
gate_FF2025,gate_FG2043,206.6859630044031,42|43|45|47|7|6|57|77
gate_FF2025,gate_FG2037,248.88635844113125,42|43|45|47|7|6|5|11|12
gate_FF2025,gate_FG2085,212.74397952457883,42|43|45|47|7|6|5|4|8
gate_FF2025,gate_FG2041,212.12946630296548,42|43|45|47|7|6|57|78
gate_FF2025,gate_FG2035,245.26875858932507,42|43|45|47|7|6|5|11|10
gate_FF2025,gate_FG2089,217.57871082189914,42|43|45|47|7|6|5|4|9
gate_FF2025,gate_FG2055,367.2632357916551,42|43|45|47|7|6|57|77|80|81|85|84
gate_FF2031,gate_171,310.38571457007794,44|45|47|7|6|5|11|14|13|54
gate_FF2031,gate_172,299.646588502511,44|45|47|7|6|5|4|3|2|90|89|91
gate_FF2031,gate_173,289.3968710706139,44|45|47|7|6|5|4|3|2|1|0
gate_FF2031,gate_174,324.97707873864204,44|45|47|7|6|5|4|8|58|76|75|74
gate_FF2031,gate_175,330.72679012737603,44|45|47|7|6|5|4|8|58|76|73|72
gate_FF2031,gate_176,269.33280739060507,44|45|47|7|6|57|51|50|52|55
gate_FF2031,gate_177,291.6622214786543,44|45|47|7|6|57|51|50|49|56
gate_FF2031,gate_178,318.3087473967055,44|45|47|7|6|57|77|80|70|69|68|71|88
gate_FF2031,gate_179,338.57779736421503,44|45|47|7|6|57|77|80|70|69|68|67|66|87
gate_FF2031,gate_180,465.31497232178714,44|45|47|7|6|57|77|80|81|85|64|63|62|65|82
gate_FF2031,gate_181,447.60982721345977,44|45|47|7|6|57|77|80|81|85|64|63|62|61|60|83
gate_FF2031,gate_170,292.6755119882396,44|45|47|7|6|5|11|14|15|16|53
gate_FF2031,gate_168,122.68888171505179,44|45|47|46
gate_FF2031,gate_169,137.36664599664186,44|45|47|7|48
gate_FF2031,gate_166A,104.8085765654526,44|45|43|39|38
gate_FF2031,gate_166B,105.02549521338776,44|45|43|39|41|40
gate_FF2031,gate_167,98.49899294607948,44|45|43|39|41|37|36
gate_FF2031,gate_165,178.9968929665331,44|45|43|39|41|37|35|33|31|30
gate_FF2031,gate_164A,194.1820268584618,44|45|43|39|41|37|35|33|31|29|28
gate_FF2031,gate_164B,195.12052252069597,44|45|43|39|41|37|35|33|31|29|27|26
gate_FF2031,gate_163,207.44492196789065,44|45|43|39|41|37|35|33|31|29|27|23|22
gate_FF2031,gate_162,226.32800078812613,44|45|43|39|41|37|35|33|31|29|27|23|24|25
gate_FF2031,gate_161,244.04523222249568,44|45|43|39|41|37|35|33|31|29|27|23|24|18|17
gate_FF2031,gate_160,267.51981641907764,44|45|43|39|41|37|35|33|31|29|27|23|24|18|19|20
gate_FF2031,gate_FE2097,129.21112243534972,44|45|43|39|41|37|35|33|32
gate_FF2031,gate_FE2095,120.29141380167422,44|45|43|39|41|37|35|34
gate_FF2031,gate_FF2025,43.42638098385235,44|45|43|42
gate_FF2031,gate_FG2057,367.6440003040014,44|45|47|7|6|57|77|80|81|85|64|86
gate_FF2031,gate_FG2043,200.50098715737036,44|45|47|7|6|57|77
gate_FF2031,gate_FG2037,242.70138259409853,44|45|47|7|6|5|11|12
gate_FF2031,gate_FG2085,206.55900367754612,44|45|47|7|6|5|4|8
gate_FF2031,gate_FG2041,205.94449045593274,44|45|47|7|6|57|78
gate_FF2031,gate_FG2035,239.08378274229236,44|45|47|7|6|5|11|10
gate_FF2031,gate_FG2089,211.39373497486642,44|45|47|7|6|5|4|9
gate_FF2031,gate_FG2055,361.07825994462235,44|45|47|7|6|57|77|80|81|85|84
gate_FG2057,gate_171,412.14109670703016,86|64|85|81|80|77|57|6|5|11|14|13|54
gate_FG2057,gate_172,401.4019706394631,86|64|85|81|80|77|57|6|5|4|3|2|90|89|91
gate_FG2057,gate_173,391.152253207566,86|64|85|81|80|77|57|6|5|4|3|2|1|0
gate_FG2057,gate_174,426.7324608755942,86|64|85|81|80|77|57|6|5|4|8|58|76|75|74
gate_FG2057,gate_175,432.4821722643282,86|64|85|81|80|77|57|6|5|4|8|58|76|73|72
gate_FG2057,gate_176,271.1004729230204,86|64|85|81|80|77|57|51|50|52|55
gate_FG2057,gate_177,293.42988701106964,86|64|85|81|80|77|57|51|50|49|56
gate_FG2057,gate_178,268.2842351768985,86|64|85|81|80|70|69|68|71|88
gate_FG2057,gate_179,288.55328514440805,86|64|85|81|80|70|69|68|67|66|87
gate_FG2057,gate_180,137.16595647013196,86|64|63|62|65|82
gate_FG2057,gate_181,119.46081136180457,86|64|63|62|61|60|83
gate_FG2057,gate_170,394.4308941251918,86|64|85|81|80|77|57|6|5|11|14|15|16|53
gate_FG2057,gate_168,392.6440082906075,86|64|85|81|80|77|57|6|7|47|46
gate_FG2057,gate_169,386.35450807933336,86|64|85|81|80|77|57|6|7|48
gate_FG2057,gate_166A,435.2111717326344,86|64|85|81|80|77|57|6|7|47|45|43|39|38
gate_FG2057,gate_166B,435.4280903805696,86|64|85|81|80|77|57|6|7|47|45|43|39|41|40
gate_FG2057,gate_167,428.9015881132613,86|64|85|81|80|77|57|6|7|47|45|43|39|41|37|36
gate_FG2057,gate_165,509.3994881337149,86|64|85|81|80|77|57|6|7|47|45|43|39|41|37|35|33|31|30
gate_FG2057,gate_164A,524.5846220256436,86|64|85|81|80|77|57|6|7|47|45|43|39|41|37|35|33|31|29|28
gate_FG2057,gate_164B,525.5231176878779,86|64|85|81|80|77|57|6|7|47|45|43|39|41|37|35|33|31|29|27|26
gate_FG2057,gate_163,537.8475171350724,86|64|85|81|80|77|57|6|7|47|45|43|39|41|37|35|33|31|29|27|23|22
gate_FG2057,gate_162,556.730595955308,86|64|85|81|80|77|57|6|7|47|45|43|39|41|37|35|33|31|29|27|23|24|25
gate_FG2057,gate_161,574.4478273896775,86|64|85|81|80|77|57|6|7|47|45|43|39|41|37|35|33|31|29|27|23|24|18|17
gate_FG2057,gate_160,597.9224115862594,86|64|85|81|80|77|57|6|7|47|45|43|39|41|37|35|33|31|29|27|23|24|18|19|20
gate_FG2057,gate_FE2097,459.61371760253155,86|64|85|81|80|77|57|6|7|47|45|43|39|41|37|35|33|32
gate_FG2057,gate_FE2095,450.69400896885605,86|64|85|81|80|77|57|6|7|47|45|43|39|41|37|35|34
gate_FG2057,gate_FF2025,373.8289761510341,86|64|85|81|80|77|57|6|7|47|45|43|42
gate_FG2057,gate_FF2031,367.64400030400134,86|64|85|81|80|77|57|6|7|47|45|44
gate_FG2057,gate_FG2043,167.14301314663103,86|64|85|81|80|77
gate_FG2057,gate_FG2037,344.4567647310507,86|64|85|81|80|77|57|6|5|11|12
gate_FG2057,gate_FG2085,308.3143858144983,86|64|85|81|80|77|57|6|5|4|8
gate_FG2057,gate_FG2041,207.71215598834806,86|64|85|81|80|77|57|78
gate_FG2057,gate_FG2035,340.83916487924455,86|64|85|81|80|77|57|6|5|11|10
gate_FG2057,gate_FG2089,313.14911711181855,86|64|85|81|80|77|57|6|5|4|9
gate_FG2057,gate_FG2055,39.316221044609314,86|64|85|84
gate_FG2043,gate_171,244.99808356039907,77|57|6|5|11|14|13|54
gate_FG2043,gate_172,234.25895749283214,77|57|6|5|4|3|2|90|89|91
gate_FG2043,gate_173,224.00924006093504,77|57|6|5|4|3|2|1|0
gate_FG2043,gate_174,259.58944772896314,77|57|6|5|4|8|58|76|75|74
gate_FG2043,gate_175,265.33915911769714,77|57|6|5|4|8|58|76|73|72
gate_FG2043,gate_176,103.95745977638931,77|57|51|50|52|55
gate_FG2043,gate_177,126.28687386443862,77|57|51|50|49|56
gate_FG2043,gate_178,117.80776023933515,77|80|70|69|68|71|88
gate_FG2043,gate_179,138.0768102068447,77|80|70|69|68|67|66|87
gate_FG2043,gate_180,264.81398516441675,77|80|81|85|64|63|62|65|82
gate_FG2043,gate_181,247.10884005608938,77|80|81|85|64|63|62|61|60|83
gate_FG2043,gate_170,227.28788097856068,77|57|6|5|11|14|15|16|53
gate_FG2043,gate_168,225.50099514397647,77|57|6|7|47|46
gate_FG2043,gate_169,219.21149493270235,77|57|6|7|48
gate_FG2043,gate_166A,268.0681585860034,77|57|6|7|47|45|43|39|38
gate_FG2043,gate_166B,268.2850772339385,77|57|6|7|47|45|43|39|41|40
gate_FG2043,gate_167,261.75857496663025,77|57|6|7|47|45|43|39|41|37|36
gate_FG2043,gate_165,342.25647498708383,77|57|6|7|47|45|43|39|41|37|35|33|31|30
gate_FG2043,gate_164A,357.44160887901256,77|57|6|7|47|45|43|39|41|37|35|33|31|29|28
gate_FG2043,gate_164B,358.38010454124674,77|57|6|7|47|45|43|39|41|37|35|33|31|29|27|26
gate_FG2043,gate_163,370.7045039884414,77|57|6|7|47|45|43|39|41|37|35|33|31|29|27|23|22
gate_FG2043,gate_162,389.58758280867687,77|57|6|7|47|45|43|39|41|37|35|33|31|29|27|23|24|25
gate_FG2043,gate_161,407.3048142430464,77|57|6|7|47|45|43|39|41|37|35|33|31|29|27|23|24|18|17
gate_FG2043,gate_160,430.7793984396283,77|57|6|7|47|45|43|39|41|37|35|33|31|29|27|23|24|18|19|20
gate_FG2043,gate_FE2097,292.4707044559005,77|57|6|7|47|45|43|39|41|37|35|33|32
gate_FG2043,gate_FE2095,283.550995822225,77|57|6|7|47|45|43|39|41|37|35|34
gate_FG2043,gate_FF2025,206.6859630044031,77|57|6|7|47|45|43|42
gate_FG2043,gate_FF2031,200.50098715737036,77|57|6|7|47|45|44
gate_FG2043,gate_FG2057,167.14301314663103,77|80|81|85|64|86
gate_FG2043,gate_FG2037,177.31375158441963,77|57|6|5|11|12
gate_FG2043,gate_FG2085,141.17137266786727,77|57|6|5|4|8
gate_FG2043,gate_FG2041,40.56914284171703,77|57|78
gate_FG2043,gate_FG2035,173.69615173261346,77|57|6|5|11|10
gate_FG2043,gate_FG2089,146.00610396518755,77|57|6|5|4|9
gate_FG2043,gate_FG2055,160.577272787252,77|80|81|85|84
gate_FG2037,gate_171,110.4888655341689,12|11|14|13|54
gate_FG2037,gate_172,192.33057778072092,12|11|5|4|3|2|90|89|91
gate_FG2037,gate_173,182.08086034882382,12|11|5|4|3|2|1|0
gate_FG2037,gate_174,217.66106801685194,12|11|5|4|8|58|76|75|74
gate_FG2037,gate_175,223.4107794055859,12|11|5|4|8|58|76|73|72
gate_FG2037,gate_176,246.14557181765431,12|11|5|6|57|51|50|52|55
gate_FG2037,gate_177,268.47498590570365,12|11|5|6|57|51|50|49|56
gate_FG2037,gate_178,295.12151182375476,12|11|5|6|57|77|80|70|69|68|71|88
gate_FG2037,gate_179,315.3905617912643,12|11|5|6|57|77|80|70|69|68|67|66|87
gate_FG2037,gate_180,442.1277367488364,12|11|5|6|57|77|80|81|85|64|63|62|65|82
gate_FG2037,gate_181,424.42259164050904,12|11|5|6|57|77|80|81|85|64|63|62|61|60|83
gate_FG2037,gate_170,92.77866295233049,12|11|14|15|16|53
gate_FG2037,gate_168,267.7013905807046,12|11|5|6|7|47|46
gate_FG2037,gate_169,261.41189036943047,12|11|5|6|7|48
gate_FG2037,gate_166A,310.26855402273145,12|11|5|6|7|47|45|43|39|38
gate_FG2037,gate_166B,310.48547267066664,12|11|5|6|7|47|45|43|39|41|40
gate_FG2037,gate_167,303.95897040335836,12|11|5|6|7|47|45|43|39|41|37|36
gate_FG2037,gate_165,384.45687042381195,12|11|5|6|7|47|45|43|39|41|37|35|33|31|30
gate_FG2037,gate_164A,399.6420043157407,12|11|5|6|7|47|45|43|39|41|37|35|33|31|29|28
gate_FG2037,gate_164B,400.58049997797485,12|11|5|6|7|47|45|43|39|41|37|35|33|31|29|27|26
gate_FG2037,gate_163,412.9048994251695,12|11|5|6|7|47|45|43|39|41|37|35|33|31|29|27|23|22
gate_FG2037,gate_162,431.787978245405,12|11|5|6|7|47|45|43|39|41|37|35|33|31|29|27|23|24|25
gate_FG2037,gate_161,449.50520967977457,12|11|5|6|7|47|45|43|39|41|37|35|33|31|29|27|23|24|18|17
gate_FG2037,gate_160,472.9797938763565,12|11|5|6|7|47|45|43|39|41|37|35|33|31|29|27|23|24|18|19|20
gate_FG2037,gate_FE2097,334.6710998926286,12|11|5|6|7|47|45|43|39|41|37|35|33|32
gate_FG2037,gate_FE2095,325.7513912589531,12|11|5|6|7|47|45|43|39|41|37|35|34
gate_FG2037,gate_FF2025,248.88635844113122,12|11|5|6|7|47|45|43|42
gate_FG2037,gate_FF2031,242.70138259409848,12|11|5|6|7|47|45|44
gate_FG2037,gate_FG2057,344.45676473105067,12|11|5|6|57|77|80|81|85|64|86
gate_FG2037,gate_FG2043,177.31375158441963,12|11|5|6|57|77
gate_FG2037,gate_FG2085,99.24299295575604,12|11|5|4|8
gate_FG2037,gate_FG2041,182.757254882982,12|11|5|6|57|78
gate_FG2037,gate_FG2035,39.18693370638329,12|11|10
gate_FG2037,gate_FG2089,104.07772425307631,12|11|5|4|9
gate_FG2037,gate_FG2055,337.8910243716716,12|11|5|6|57|77|80|81|85|84
gate_FG2085,gate_171,166.92732493173546,8|4|5|11|14|13|54
gate_FG2085,gate_172,110.7006970429885,8|4|3|2|90|89|91
gate_FG2085,gate_173,100.45097961109141,8|4|3|2|1|0
gate_FG2085,gate_174,118.41807506109592,8|58|76|75|74
gate_FG2085,gate_175,124.16778644982988,8|58|76|73|72
gate_FG2085,gate_176,210.00319290110193,8|4|5|6|57|51|50|52|55
gate_FG2085,gate_177,232.33260698915126,8|4|5|6|57|51|50|49|56
gate_FG2085,gate_178,258.97913290720237,8|4|5|6|57|77|80|70|69|68|71|88
gate_FG2085,gate_179,279.248182874712,8|4|5|6|57|77|80|70|69|68|67|66|87
gate_FG2085,gate_180,405.985357832284,8|4|5|6|57|77|80|81|85|64|63|62|65|82
gate_FG2085,gate_181,388.28021272395665,8|4|5|6|57|77|80|81|85|64|63|62|61|60|83
gate_FG2085,gate_170,149.21712234989707,8|4|5|11|14|15|16|53
gate_FG2085,gate_168,231.5590116641522,8|4|5|6|7|47|46
gate_FG2085,gate_169,225.26951145287808,8|4|5|6|7|48
gate_FG2085,gate_166A,274.12617510617906,8|4|5|6|7|47|45|43|39|38
gate_FG2085,gate_166B,274.34309375411425,8|4|5|6|7|47|45|43|39|41|40
gate_FG2085,gate_167,267.816591486806,8|4|5|6|7|47|45|43|39|41|37|36
gate_FG2085,gate_165,348.31449150725956,8|4|5|6|7|47|45|43|39|41|37|35|33|31|30
gate_FG2085,gate_164A,363.4996253991883,8|4|5|6|7|47|45|43|39|41|37|35|33|31|29|28
gate_FG2085,gate_164B,364.43812106142246,8|4|5|6|7|47|45|43|39|41|37|35|33|31|29|27|26
gate_FG2085,gate_163,376.7625205086171,8|4|5|6|7|47|45|43|39|41|37|35|33|31|29|27|23|22
gate_FG2085,gate_162,395.6455993288526,8|4|5|6|7|47|45|43|39|41|37|35|33|31|29|27|23|24|25
gate_FG2085,gate_161,413.3628307632222,8|4|5|6|7|47|45|43|39|41|37|35|33|31|29|27|23|24|18|17
gate_FG2085,gate_160,436.8374149598041,8|4|5|6|7|47|45|43|39|41|37|35|33|31|29|27|23|24|18|19|20
gate_FG2085,gate_FE2097,298.5287209760762,8|4|5|6|7|47|45|43|39|41|37|35|33|32
gate_FG2085,gate_FE2095,289.6090123424007,8|4|5|6|7|47|45|43|39|41|37|35|34
gate_FG2085,gate_FF2025,212.74397952457883,8|4|5|6|7|47|45|43|42
gate_FG2085,gate_FF2031,206.5590036775461,8|4|5|6|7|47|45|44
gate_FG2085,gate_FG2057,308.3143858144983,8|4|5|6|57|77|80|81|85|64|86
gate_FG2085,gate_FG2043,141.17137266786725,8|4|5|6|57|77
gate_FG2085,gate_FG2037,99.24299295575602,8|4|5|11|12
gate_FG2085,gate_FG2041,146.61487596642962,8|4|5|6|57|78
gate_FG2085,gate_FG2035,95.62539310394985,8|4|5|11|10
gate_FG2085,gate_FG2089,22.447843515343923,8|4|9
gate_FG2085,gate_FG2055,301.74864545511923,8|4|5|6|57|77|80|81|85|84
gate_FG2041,gate_171,250.44158685896144,78|57|6|5|11|14|13|54
gate_FG2041,gate_172,239.70246079139451,78|57|6|5|4|3|2|90|89|91
gate_FG2041,gate_173,229.45274335949742,78|57|6|5|4|3|2|1|0
gate_FG2041,gate_174,265.0329510275255,78|57|6|5|4|8|58|76|75|74
gate_FG2041,gate_175,270.7826624162595,78|57|6|5|4|8|58|76|73|72
gate_FG2041,gate_176,109.40096307495172,78|57|51|50|52|55
gate_FG2041,gate_177,131.73037716300104,78|57|51|50|49|56
gate_FG2041,gate_178,158.37690308105218,78|57|77|80|70|69|68|71|88
gate_FG2041,gate_179,178.64595304856172,78|57|77|80|70|69|68|67|66|87
gate_FG2041,gate_180,305.3831280061338,78|57|77|80|81|85|64|63|62|65|82
gate_FG2041,gate_181,287.67798289780643,78|57|77|80|81|85|64|63|62|61|60|83
gate_FG2041,gate_170,232.73138427712306,78|57|6|5|11|14|15|16|53
gate_FG2041,gate_168,230.94449844253882,78|57|6|7|47|46
gate_FG2041,gate_169,224.6549982312647,78|57|6|7|48
gate_FG2041,gate_166A,273.5116618845657,78|57|6|7|47|45|43|39|38
gate_FG2041,gate_166B,273.72858053250087,78|57|6|7|47|45|43|39|41|40
gate_FG2041,gate_167,267.2020782651926,78|57|6|7|47|45|43|39|41|37|36
gate_FG2041,gate_165,347.6999782856462,78|57|6|7|47|45|43|39|41|37|35|33|31|30
gate_FG2041,gate_164A,362.8851121775749,78|57|6|7|47|45|43|39|41|37|35|33|31|29|28
gate_FG2041,gate_164B,363.8236078398091,78|57|6|7|47|45|43|39|41|37|35|33|31|29|27|26
gate_FG2041,gate_163,376.14800728700374,78|57|6|7|47|45|43|39|41|37|35|33|31|29|27|23|22
gate_FG2041,gate_162,395.0310861072392,78|57|6|7|47|45|43|39|41|37|35|33|31|29|27|23|24|25
gate_FG2041,gate_161,412.7483175416088,78|57|6|7|47|45|43|39|41|37|35|33|31|29|27|23|24|18|17
gate_FG2041,gate_160,436.2229017381907,78|57|6|7|47|45|43|39|41|37|35|33|31|29|27|23|24|18|19|20
gate_FG2041,gate_FE2097,297.91420775446284,78|57|6|7|47|45|43|39|41|37|35|33|32
gate_FG2041,gate_FE2095,288.99449912078734,78|57|6|7|47|45|43|39|41|37|35|34
gate_FG2041,gate_FF2025,212.12946630296545,78|57|6|7|47|45|43|42
gate_FG2041,gate_FF2031,205.9444904559327,78|57|6|7|47|45|44
gate_FG2041,gate_FG2057,207.71215598834806,78|57|77|80|81|85|64|86
gate_FG2041,gate_FG2043,40.56914284171703,78|57|77
gate_FG2041,gate_FG2037,182.757254882982,78|57|6|5|11|12
gate_FG2041,gate_FG2085,146.61487596642962,78|57|6|5|4|8
gate_FG2041,gate_FG2035,179.13965503117583,78|57|6|5|11|10
gate_FG2041,gate_FG2089,151.44960726374993,78|57|6|5|4|9
gate_FG2041,gate_FG2055,201.14641562896904,78|57|77|80|81|85|84
gate_FG2035,gate_171,106.87126568236272,10|11|14|13|54
gate_FG2035,gate_172,188.71297792891474,10|11|5|4|3|2|90|89|91
gate_FG2035,gate_173,178.46326049701764,10|11|5|4|3|2|1|0
gate_FG2035,gate_174,214.04346816504577,10|11|5|4|8|58|76|75|74
gate_FG2035,gate_175,219.79317955377974,10|11|5|4|8|58|76|73|72
gate_FG2035,gate_176,242.52797196584817,10|11|5|6|57|51|50|52|55
gate_FG2035,gate_177,264.85738605389747,10|11|5|6|57|51|50|49|56
gate_FG2035,gate_178,291.5039119719486,10|11|5|6|57|77|80|70|69|68|71|88
gate_FG2035,gate_179,311.7729619394581,10|11|5|6|57|77|80|70|69|68|67|66|87
gate_FG2035,gate_180,438.5101368970303,10|11|5|6|57|77|80|81|85|64|63|62|65|82
gate_FG2035,gate_181,420.8049917887029,10|11|5|6|57|77|80|81|85|64|63|62|61|60|83
gate_FG2035,gate_170,89.16106310052433,10|11|14|15|16|53
gate_FG2035,gate_168,264.0837907288984,10|11|5|6|7|47|46
gate_FG2035,gate_169,257.7942905176243,10|11|5|6|7|48
gate_FG2035,gate_166A,306.65095417092533,10|11|5|6|7|47|45|43|39|38
gate_FG2035,gate_166B,306.8678728188605,10|11|5|6|7|47|45|43|39|41|40
gate_FG2035,gate_167,300.34137055155225,10|11|5|6|7|47|45|43|39|41|37|36
gate_FG2035,gate_165,380.83927057200583,10|11|5|6|7|47|45|43|39|41|37|35|33|31|30
gate_FG2035,gate_164A,396.02440446393456,10|11|5|6|7|47|45|43|39|41|37|35|33|31|29|28
gate_FG2035,gate_164B,396.96290012616873,10|11|5|6|7|47|45|43|39|41|37|35|33|31|29|27|26
gate_FG2035,gate_163,409.2872995733634,10|11|5|6|7|47|45|43|39|41|37|35|33|31|29|27|23|22
gate_FG2035,gate_162,428.17037839359887,10|11|5|6|7|47|45|43|39|41|37|35|33|31|29|27|23|24|25
gate_FG2035,gate_161,445.8876098279684,10|11|5|6|7|47|45|43|39|41|37|35|33|31|29|27|23|24|18|17
gate_FG2035,gate_160,469.3621940245503,10|11|5|6|7|47|45|43|39|41|37|35|33|31|29|27|23|24|18|19|20
gate_FG2035,gate_FE2097,331.0535000408225,10|11|5|6|7|47|45|43|39|41|37|35|33|32
gate_FG2035,gate_FE2095,322.133791407147,10|11|5|6|7|47|45|43|39|41|37|35|34
gate_FG2035,gate_FF2025,245.26875858932507,10|11|5|6|7|47|45|43|42
gate_FG2035,gate_FF2031,239.08378274229233,10|11|5|6|7|47|45|44
gate_FG2035,gate_FG2057,340.83916487924455,10|11|5|6|57|77|80|81|85|64|86
gate_FG2035,gate_FG2043,173.6961517326135,10|11|5|6|57|77
gate_FG2035,gate_FG2037,39.18693370638329,10|11|12
gate_FG2035,gate_FG2085,95.62539310394986,10|11|5|4|8
gate_FG2035,gate_FG2041,179.13965503117586,10|11|5|6|57|78
gate_FG2035,gate_FG2089,100.46012440127014,10|11|5|4|9
gate_FG2035,gate_FG2055,334.2734245198655,10|11|5|6|57|77|80|81|85|84
gate_FG2089,gate_171,171.76205622905576,9|4|5|11|14|13|54
gate_FG2089,gate_172,115.53542834030878,9|4|3|2|90|89|91
gate_FG2089,gate_173,105.2857109084117,9|4|3|2|1|0
gate_FG2089,gate_174,113.77428441131082,9|58|76|75|74
gate_FG2089,gate_175,119.52399580004479,9|58|76|73|72
gate_FG2089,gate_176,214.83792419842223,9|4|5|6|57|51|50|52|55
gate_FG2089,gate_177,237.16733828647156,9|4|5|6|57|51|50|49|56
gate_FG2089,gate_178,263.8138642045227,9|4|5|6|57|77|80|70|69|68|71|88
gate_FG2089,gate_179,284.08291417203225,9|4|5|6|57|77|80|70|69|68|67|66|87
gate_FG2089,gate_180,410.82008912960436,9|4|5|6|57|77|80|81|85|64|63|62|65|82
gate_FG2089,gate_181,393.114944021277,9|4|5|6|57|77|80|81|85|64|63|62|61|60|83
gate_FG2089,gate_170,154.05185364721737,9|4|5|11|14|15|16|53
gate_FG2089,gate_168,236.3937429614725,9|4|5|6|7|47|46
gate_FG2089,gate_169,230.10424275019838,9|4|5|6|7|48
gate_FG2089,gate_166A,278.9609064034994,9|4|5|6|7|47|45|43|39|38
gate_FG2089,gate_166B,279.1778250514345,9|4|5|6|7|47|45|43|39|41|40
gate_FG2089,gate_167,272.65132278412625,9|4|5|6|7|47|45|43|39|41|37|36
gate_FG2089,gate_165,353.1492228045799,9|4|5|6|7|47|45|43|39|41|37|35|33|31|30
gate_FG2089,gate_164A,368.3343566965086,9|4|5|6|7|47|45|43|39|41|37|35|33|31|29|28
gate_FG2089,gate_164B,369.2728523587428,9|4|5|6|7|47|45|43|39|41|37|35|33|31|29|27|26
gate_FG2089,gate_163,381.59725180593745,9|4|5|6|7|47|45|43|39|41|37|35|33|31|29|27|23|22
gate_FG2089,gate_162,400.48033062617293,9|4|5|6|7|47|45|43|39|41|37|35|33|31|29|27|23|24|25
gate_FG2089,gate_161,418.1975620605425,9|4|5|6|7|47|45|43|39|41|37|35|33|31|29|27|23|24|18|17
gate_FG2089,gate_160,441.67214625712444,9|4|5|6|7|47|45|43|39|41|37|35|33|31|29|27|23|24|18|19|20
gate_FG2089,gate_FE2097,303.36345227339655,9|4|5|6|7|47|45|43|39|41|37|35|33|32
gate_FG2089,gate_FE2095,294.44374363972105,9|4|5|6|7|47|45|43|39|41|37|35|34
gate_FG2089,gate_FF2025,217.57871082189914,9|4|5|6|7|47|45|43|42
gate_FG2089,gate_FF2031,211.3937349748664,9|4|5|6|7|47|45|44
gate_FG2089,gate_FG2057,313.1491171118186,9|4|5|6|57|77|80|81|85|64|86
gate_FG2089,gate_FG2043,146.00610396518755,9|4|5|6|57|77
gate_FG2089,gate_FG2037,104.07772425307631,9|4|5|11|12
gate_FG2089,gate_FG2085,22.447843515343923,9|4|8
gate_FG2089,gate_FG2041,151.44960726374993,9|4|5|6|57|78
gate_FG2089,gate_FG2035,100.46012440127015,9|4|5|11|10
gate_FG2089,gate_FG2055,306.58337675243956,9|4|5|6|57|77|80|81|85|84
gate_FG2055,gate_171,405.5753563476511,84|85|81|80|77|57|6|5|11|14|13|54
gate_FG2055,gate_172,394.83623028008407,84|85|81|80|77|57|6|5|4|3|2|90|89|91
gate_FG2055,gate_173,384.586512848187,84|85|81|80|77|57|6|5|4|3|2|1|0
gate_FG2055,gate_174,420.16672051621515,84|85|81|80|77|57|6|5|4|8|58|76|75|74
gate_FG2055,gate_175,425.91643190494915,84|85|81|80|77|57|6|5|4|8|58|76|73|72
gate_FG2055,gate_176,264.53473256364134,84|85|81|80|77|57|51|50|52|55
gate_FG2055,gate_177,286.86414665169065,84|85|81|80|77|57|51|50|49|56
gate_FG2055,gate_178,261.7184948175194,84|85|81|80|70|69|68|71|88
gate_FG2055,gate_179,281.987544785029,84|85|81|80|70|69|68|67|66|87
gate_FG2055,gate_180,136.98719306239502,84|85|64|63|62|65|82
gate_FG2055,gate_181,119.28204795406766,84|85|64|63|62|61|60|83
gate_FG2055,gate_170,387.8651537658127,84|85|81|80|77|57|6|5|11|14|15|16|53
gate_FG2055,gate_168,386.0782679312284,84|85|81|80|77|57|6|7|47|46
gate_FG2055,gate_169,379.7887677199543,84|85|81|80|77|57|6|7|48
gate_FG2055,gate_166A,428.6454313732553,84|85|81|80|77|57|6|7|47|45|43|39|38
gate_FG2055,gate_166B,428.8623500211905,84|85|81|80|77|57|6|7|47|45|43|39|41|40
gate_FG2055,gate_167,422.3358477538822,84|85|81|80|77|57|6|7|47|45|43|39|41|37|36
gate_FG2055,gate_165,502.8337477743358,84|85|81|80|77|57|6|7|47|45|43|39|41|37|35|33|31|30
gate_FG2055,gate_164A,518.0188816662645,84|85|81|80|77|57|6|7|47|45|43|39|41|37|35|33|31|29|28
gate_FG2055,gate_164B,518.9573773284988,84|85|81|80|77|57|6|7|47|45|43|39|41|37|35|33|31|29|27|26
gate_FG2055,gate_163,531.2817767756933,84|85|81|80|77|57|6|7|47|45|43|39|41|37|35|33|31|29|27|23|22
gate_FG2055,gate_162,550.1648555959289,84|85|81|80|77|57|6|7|47|45|43|39|41|37|35|33|31|29|27|23|24|25
gate_FG2055,gate_161,567.8820870302984,84|85|81|80|77|57|6|7|47|45|43|39|41|37|35|33|31|29|27|23|24|18|17
gate_FG2055,gate_160,591.3566712268803,84|85|81|80|77|57|6|7|47|45|43|39|41|37|35|33|31|29|27|23|24|18|19|20
gate_FG2055,gate_FE2097,453.04797724315245,84|85|81|80|77|57|6|7|47|45|43|39|41|37|35|33|32
gate_FG2055,gate_FE2095,444.12826860947695,84|85|81|80|77|57|6|7|47|45|43|39|41|37|35|34
gate_FG2055,gate_FF2025,367.26323579165506,84|85|81|80|77|57|6|7|47|45|43|42
gate_FG2055,gate_FF2031,361.0782599446223,84|85|81|80|77|57|6|7|47|45|44
gate_FG2055,gate_FG2057,39.316221044609314,84|85|64|86
gate_FG2055,gate_FG2043,160.57727278725199,84|85|81|80|77
gate_FG2055,gate_FG2037,337.8910243716716,84|85|81|80|77|57|6|5|11|12
gate_FG2055,gate_FG2085,301.74864545511923,84|85|81|80|77|57|6|5|4|8
gate_FG2055,gate_FG2041,201.146415628969,84|85|81|80|77|57|78
gate_FG2055,gate_FG2035,334.2734245198655,84|85|81|80|77|57|6|5|11|10
gate_FG2055,gate_FG2089,306.5833767524395,84|85|81|80|77|57|6|5|4|9
